Year,STATCD,DISTCD,STATNAME,DISTNAME,DISTRICTS,BLOCKS,VILLAGES,CLUSTERS,Total Population(in 1000's),Percentage Urban Population,Percentage Population of Age Group 0-6,Growth Rate,Sex Ratio,Percentage SC Population,Percentage ST Population,Literacy Rate,Female Literacy Rate,Male Literacy Rate,Area (Sq. KM),Age Group 6 to 10,Age Group 11 to 13,Primary Only,Primary with Upper Primary,Primary with upper Primary Sec/H.Sec,Upper Primary Only,Upper Primary with Sec./H.Sec,Primary with upper Primary Sec,Upper Primary with  Sec.,No Response,Total,Primary Only,Primary with Upper Primary,Primary with upper Primary Sec/H.Sec,Upper Primary Only,Upper Primary with Sec./H.Sec,Primary with upper Primary Sec,Upper Primary with  Sec.,No Response,Total,Primary Only,Primary with Upper Primary,Primary with upper Primary Sec/H.Sec,Upper Primary Only,Upper Primary with Sec./H.Sec,Primary with upper Primary Sec,Upper Primary with  Sec.,No Response,Total,Primary Only,Primary with Upper Primary,Primary with upper Primary Sec/H.Sec,Upper Primary Only,Upper Primary with Sec./H.Sec,Primary with upper Primary Sec,Upper Primary with  Sec.,No Response,Total,Primary Only,Primary with Upper Primary,Primary with upper Primary Sec/H.Sec,Upper Primary Only,Upper Primary with Sec./H.Sec,Primary with upper Primary Sec,Upper Primary with  Sec.,No Response,Total,Primary Only,Primary with Upper Primary,Primary with upper Primary Sec/H.Sec,Upper Primary Only,Upper Primary with Sec./H.Sec,Primary with upper Primary Sec,Upper Primary with  Sec.,No Response,Total,Primary Only,Primary with Upper Primary,Primary with upper Primary Sec/H.Sec,Upper Primary Only,Upper Primary with Sec./H.Sec,Primary with upper Primary Sec,Upper Primary with  Sec.,No Response,Total,Primary Only,Primary with Upper Primary,Primary with upper Primary Sec/H.Sec,Upper Primary Only,Upper Primary with Sec./H.Sec,Primary with upper Primary Sec,Upper Primary with  Sec.,No Response,Total,Primary Only,Primary with Upper Primary,Primary with upper Primary Sec/H.Sec,Upper Primary Only,Upper Primary with Sec./H.Sec,Primary with upper Primary Sec,Upper Primary with  Sec.,No Response,Total,Primary Only,Primary with Upper Primary,Primary with upper Primary Sec/H.Sec,Upper Primary Only,Upper Primary with Sec./H.Sec,Primary with upper Primary Sec,Upper Primary with  Sec.,No Response,Total,Primary Only,Primary with Upper Primary,Primary with upper Primary Sec/H.Sec,Upper Primary Only,Upper Primary with Sec./H.Sec,Primary with upper Primary Sec,Upper Primary with  Sec.,No Response,Total,Primary Only,Primary with Upper Primary,Primary with upper Primary Sec/H.Sec,Upper Primary Only,Upper Primary with Sec./H.Sec,Primary with upper Primary Sec,Upper Primary with  Sec.,No Response,Total,Primary Only,Primary with Upper Primary,Primary with upper Primary Sec/H.Sec,Upper Primary Only,Upper Primary with Sec./H.Sec,Primary with upper Primary Sec,Upper Primary with  Sec.,No Response,Total,Primary Only,Primary with Upper Primary,Primary with upper Primary Sec/H.Sec,Upper Primary Only,Upper Primary with Sec./H.Sec,Primary with upper Primary Sec,Upper Primary with  Sec.,No Response,Total,Primary Only,Primary with Upper Primary,Primary with upper Primary Sec/H.Sec,Upper Primary Only,Upper Primary with Sec./H.Sec,Primary with upper Primary Sec,Upper Primary with  Sec.,No Response,Total,Primary Only,Primary with Upper Primary,Primary with upper Primary Sec/H.Sec,Upper Primary Only,Upper Primary with Sec./H.Sec,Primary with upper Primary Sec,Upper Primary with  Sec.,No Response,Total,Primary Only,Primary with Upper Primary,Primary with upper Primary Sec/H.Sec,Upper Primary Only,Upper Primary with Sec./H.Sec,Primary with upper Primary Sec,Upper Primary with  Sec.,No Response,Total,Primary Only,Primary with Upper Primary,Primary with upper Primary Sec/H.Sec,Upper Primary Only,Upper Primary with Sec./H.Sec,Primary with upper Primary Sec,Upper Primary with  Sec.,No Response,Total,Primary Only,Primary with Upper Primary,Primary with upper Primary Sec/H.Sec,Upper Primary Only,Upper Primary with Sec./H.Sec,Primary with upper Primary Sec,Upper Primary with  Sec.,Total,Primary Only,Primary with Upper Primary,Primary with upper Primary Sec/H.Sec,Upper Primary Only,Upper Primary with Sec./H.Sec,Primary with upper Primary Sec,Upper Primary with  Sec.,Total,Primary Only,Primary with Upper Primary,Primary with upper Primary Sec/H.Sec,Upper Primary Only,Upper Primary with Sec./H.Sec,Primary with upper Primary Sec,Upper Primary with  Sec.,Total,Primary Only,Primary with Upper Primary,Primary with upper Primary Sec/H.Sec,Upper Primary Only,Upper Primary with Sec./H.Sec,Primary with upper Primary Sec,Upper Primary with  Sec.,Total,Primary Only,Primary with Upper Primary,Primary with upper Primary Sec/H.Sec,Upper Primary Only,Upper Primary with Sec./H.Sec,Primary with upper Primary Sec,Upper Primary with  Sec.,Total,Primary Only,Primary with Upper Primary,Primary with upper Primary Sec/H.Sec,Upper Primary Only,Upper Primary with Sec./H.Sec,Primary with upper Primary Sec,Upper Primary with  Sec.,Total,Primary Only,Primary with Upper Primary,Primary with upper Primary Sec/H.Sec,Upper Primary Only,Upper Primary with Sec./H.Sec,Primary with upper Primary Sec,Upper Primary with  Sec.,Total,Primary Only,Primary with Upper Primary,Primary with upper Primary Sec/H.Sec,Upper Primary Only,Upper Primary with Sec./H.Sec,Primary with upper Primary Sec,Upper Primary with  Sec.,Total,Primary Only,Primary with Upper Primary,Primary with upper Primary Sec/H.Sec,Upper Primary Only,Upper Primary with Sec./H.Sec,Primary with upper Primary Sec,Upper Primary with  Sec.,Total,Primary Only,Primary with Upper Primary,Primary with upper Primary Sec/H.Sec,Upper Primary Only,Upper Primary with Sec./H.Sec,Primary with upper Primary Sec,Upper Primary with  Sec.,Total,Primary Only,Primary with Upper Primary,Primary with upper Primary Sec/H.Sec,Upper Primary Only,Upper Primary with Sec./H.Sec,Primary with upper Primary Sec,Upper Primary with  Sec.,Total,Primary Only,Primary with Upper Primary,Primary with upper Primary Sec/H.Sec,Upper Primary Only,Upper Primary with Sec./H.Sec,Primary with upper Primary Sec,Upper Primary with  Sec.,Total,Primary Only,Primary with Upper Primary,Primary with upper Primary Sec/H.Sec,Upper Primary Only,Upper Primary with Sec./H.Sec,Primary with upper Primary Sec,Upper Primary with  Sec.,Total,Primary Only,Primary with Upper Primary,Primary with upper Primary Sec/H.Sec,Upper Primary Only,Upper Primary with Sec./H.Sec,Primary with upper Primary Sec,Upper Primary with  Sec.,Total,Primary Only,Primary with Upper Primary,Primary with upper Primary Sec/H.Sec,Upper Primary Only,Upper Primary with Sec./H.Sec,Primary with upper Primary Sec,Upper Primary with  Sec.,Total,Primary Only,Primary with Upper Primary,Primary with upper Primary Sec/H.Sec,Upper Primary Only,Upper Primary with Sec./H.Sec,Primary with upper Primary Sec,Upper Primary with  Sec.,Total,Primary Only,Primary with Upper Primary,Primary with upper Primary Sec/H.Sec,Upper Primary Only,Upper Primary with Sec./H.Sec,Primary with upper Primary Sec,Upper Primary with  Sec.,No Response,Total,Primary Only,Primary with Upper Primary,Primary with upper Primary Sec/H.Sec,Upper Primary Only,Upper Primary with Sec./H.Sec,Primary with upper Primary Sec,Upper Primary with  Sec.,Total,Primary Only,Primary with Upper Primary,Primary with upper Primary Sec/H.Sec,Upper Primary Only,Upper Primary with Sec./H.Sec,Primary with upper Primary Sec,Upper Primary with  Sec.,Total,Primary Only,Primary with Upper Primary,Primary with upper Primary Sec/H.Sec,Upper Primary Only,Upper Primary with Sec./H.Sec,Primary with upper Primary Sec,Upper Primary with  Sec.,Total,Primary Only,Primary with Upper Primary,Primary with upper Primary Sec/H.Sec,Upper Primary Only,Upper Primary with Sec./H.Sec,Primary with upper Primary Sec,Upper Primary with  Sec.,Total,Primary Only,Primary with Upper Primary,Primary with upper Primary Sec/H.Sec,Upper Primary Only,Upper Primary with Sec./H.Sec,Primary with upper Primary Sec,Upper Primary with  Sec.,No Response,Primary Only,Primary with Upper Primary,Primary with upper Primary Sec/H.Sec,Upper Primary Only,Upper Primary with Sec./H.Sec,Primary with upper Primary Sec,Upper Primary with  Sec.,Total,Total Schools,Total Students,Teachers with Professional Qualification : Female ,Teachers with Professional Qualification : Male ,Total  Teachers: Male ,Total  Teachers: Female ,Primary Only,Primary with Upper Primary,Primary with upper Primary Sec/H.Sec,Upper Primary Only,Upper Primary with Sec./H.Sec,Primary with upper Primary Sec,Upper Primary with  Sec.,Primary Only,Primary with Upper Primary,Primary with upper Primary Sec/H.Sec,Upper Primary Only,Upper Primary with Sec./H.Sec,Primary with upper Primary Sec,Upper Primary with  Sec.,Primary Only,Primary with Upper Primary,Primary with upper Primary Sec/H.Sec,Upper Primary Only,Upper Primary with Sec./H.Sec,Primary with upper Primary Sec,Upper Primary with  Sec.,Primary Only,Primary with Upper Primary,Primary with upper Primary Sec/H.Sec,Upper Primary Only,Upper Primary with Sec./H.Sec,Primary with upper Primary Sec,Upper Primary with  Sec.,Primary Only,Primary with Upper Primary,Primary with upper Primary Sec/H.Sec,Upper Primary Only,Upper Primary with Sec./H.Sec,Primary with upper Primary Sec,Upper Primary with  Sec.,Primary Only,Primary with Upper Primary,Primary with upper Primary Sec/H.Sec,Upper Primary Only,Upper Primary with Sec./H.Sec,Primary with upper Primary Sec,Upper Primary with  Sec.,Primary Only,Primary with Upper Primary,Primary with upper Primary Sec/H.Sec,Upper Primary Only,Upper Primary with Sec./H.Sec,Primary with upper Primary Sec,Upper Primary with  Sec.,Primary Only,Primary with Upper Primary,Primary with upper Primary Sec/H.Sec,Upper Primary Only,Upper Primary with Sec./H.Sec,Primary with upper Primary Sec,Upper Primary with  Sec.,Regular Teachers with Professional Qualification : Male ,Regular Teachers with Professional Qualification : Female ,Total Regular Teachers: Male ,Total Regular Teachers: Female ,Contractual Teachers with Professional Qualification : Male ,Contractual  Teachers with Professional Qualification : Female ,Total Contractual  Teachers: Male ,Total Contractual  Teachers: Female 
2015-16,29,2901,KARNATAKA,BELGAUM,1,6,807,126,4170468,29.47,423302.5,11.33,1002,18.83,3.81,72.36,63.65,81.15,15152,321957,209615,4220,735,14,0,19,31,1080,0,6099,3697,476,12,0,19,19,590,0,4813,517,248,2,0,0,12,489,0,1268,6,11,0,0,0,0,1,0,18,3466,432,7,0,19,18,534,0,4476,3725,481,12,0,19,19,614,0,4870,252,141,2,0,0,5,222,0,622,4219,734,5,0,19,19,1033,0,6029,4219,732,12,0,18,25,1074,0,6080,232505,71638,4585,0,4385,8936,141643,0,463692,137327,39315,4170,0,4385,4231,88170,0,277598,94966,31721,415,0,0,4705,53390,0,185197,212,602,0,0,0,0,83,0,897,122192,33315,1985,0,4385,3848,73080,0,238805,39969,17052,415,0,0,1408,19395,0,78239,6903,2558,104,0,247,127,7445,0,17384,2335,1281,54,0,0,106,2676,0,6452,17,25,0,0,0,0,2,0,44,801,5,0,0,0,2,27,835,1228,18,0,0,0,3,19,1268,3993,694,14,0,14,27,1017,5759,1548,387,13,0,7,24,817,2796,2289,547,13,0,4,29,848,3730,4219,732,12,0,18,25,1073,6079,4219,734,5,0,19,19,1033,6029,4141,730,14,0,18,31,1068,6002,4119,706,14,0,19,30,1048,5936,553,326,14,0,12,22,802,1729,639,167,3,0,10,3,193,1015,1348,286,6,0,14,11,379,2044,509,196,4,0,18,18,483,1228,3722,480,4,0,18,4,600,4828,2122,348,3,0,6,4,321,2804,2981,409,3,0,15,4,497,3909,3091,176,1,0,0,0,215,218,3483,3695,478,9,0,9,11,586,4788,13082,4576,135,0,97,305,6771,24966,9255,3864,158,0,247,233,10123,23880,4742,1996,91,0,110,135,4203,5784,4513,1868,67,0,137,98,5920,0,111136,34298,3277,0,1999,4414,67026,222150,0,0,3543,2624,2685,3767,856,284,9,0,20,9,803,531,229,10,0,20,11,466,219,99,0,0,14,7,189,175,71,0,0,1,1,169,1836,789,12,0,62,38,2285,1817,879,20,0,40,35,1530,755,269,1,0,7,2,228,704,237,4,0,5,11,191,9871,7291,9871,7292,26,194,26,195
2015-16,29,2902,KARNATAKA,BAGALKOT,1,6,785,126,4778439,25.34,605428.22,13.38,969,12.08,6.22,73.94,64.74,82.9,13433,,,729,1015,3,29,2,41,28,0,1847,592,824,2,4,1,10,13,0,1446,137,191,1,25,1,31,15,0,401,0,0,0,0,0,0,0,0,0,526,690,1,3,0,8,8,0,1236,597,873,2,21,1,11,17,0,1522,97,91,1,7,1,12,10,0,219,724,990,3,23,1,41,26,0,1808,727,998,3,28,2,40,26,0,1824,36039,217126,3558,4207,606,17206,4163,26590,309495,21635,153530,3234,365,151,2648,2264,7154,190981,14404,63596,324,3842,455,14558,1899,19436,118514,0,0,0,0,0,0,0,0,0,19001,127691,958,351,0,1955,1384,6024,157364,7683,22469,324,316,455,5790,1349,10069,48455,1350,5778,83,21,17,129,120,0,7498,638,1731,36,81,49,557,125,0,3217,0,0,0,0,0,0,0,0,0,62,3,0,0,0,0,0,65,92,11,0,2,0,0,0,105,673,982,3,29,1,38,27,1753,446,758,3,25,2,39,24,1297,453,810,2,24,2,37,23,1351,727,998,3,28,2,40,26,1824,724,990,3,23,1,41,26,1808,729,1015,3,29,2,41,28,1847,701,1002,3,29,2,41,28,1806,106,487,3,21,2,31,23,673,74,138,1,6,0,3,3,225,84,140,1,7,0,3,3,238,254,115,0,9,0,23,19,420,597,871,0,21,0,10,17,1516,360,548,0,3,0,6,1,918,366,561,0,3,0,6,1,937,500,80,0,7,0,1,3,317,591,563,799,1,15,0,8,4,1390,2248,8630,81,130,18,424,147,11678,1988,7509,119,102,66,686,245,10715,1023,4111,52,72,43,411,72,4545,965,3398,67,30,23,275,173,0,17775,106727,1495,2394,455,6777,1784,150364,346,44030,1990,867,1050,2167,83,336,10,3,1,14,14,75,342,7,4,4,28,12,47,141,2,1,0,9,7,56,105,2,0,1,13,3,342,1007,8,6,0,71,73,329,877,3,23,1,94,26,963,3397,67,29,23,275,173,1022,4109,52,69,43,411,72,3749,3543,3871,3608,7,7,10,9
2015-16,29,2903,KARNATAKA,BIJAPUR (KARNATAKA),1,7,764,178,1890826,31.67,263770.23,14.46,984,16.89,5.14,69.39,58.55,80.16,6552,203219,116941,668,1022,3,29,4,67,29,0,1822,482,773,0,7,2,40,22,0,1326,186,249,3,22,2,27,7,0,496,0,0,0,0,0,0,0,0,0,413,627,0,5,1,34,12,0,1092,491,873,1,7,4,43,23,0,1442,111,128,1,6,0,10,0,0,256,665,975,3,23,4,67,24,0,1761,668,981,3,29,3,67,29,0,1780,37359,222129,1760,2274,1734,26539,4319,20954,317068,21273,149366,0,1084,926,13421,3662,9247,198979,16086,72763,1760,1190,808,13118,657,11707,118089,0,0,0,0,0,0,0,0,0,17569,120511,0,786,236,11548,1816,7303,159769,9497,33431,527,282,0,4530,0,5859,54126,1089,4888,0,27,47,516,191,0,6758,687,1844,87,74,23,550,45,0,3310,0,0,0,0,0,0,0,0,0,3,0,0,1,0,0,1,5,85,12,0,1,0,0,0,98,598,990,3,20,4,64,27,1706,418,784,3,19,4,53,23,1304,484,850,3,25,4,62,26,1454,668,981,3,29,3,67,29,1780,665,975,3,23,4,67,24,1761,668,1022,3,29,4,67,29,1822,648,1012,3,27,4,67,29,1790,96,385,3,20,4,35,22,565,274,464,2,16,2,33,11,802,283,470,2,18,2,34,12,821,383,138,2,29,1,22,21,596,489,869,1,6,3,42,18,1428,413,740,1,4,1,33,8,1200,433,785,1,4,1,35,8,1267,396,29,0,11,0,0,0,234,436,484,827,1,6,3,41,8,1370,2376,8455,58,96,43,802,122,11952,1776,6732,87,101,70,1066,236,10068,818,3021,51,54,15,496,90,5848,958,3711,36,47,55,570,146,0,17345,108885,741,1402,706,12115,2201,153477,301,34691,1734,1551,1568,1742,138,532,1,1,6,68,14,92,279,1,3,1,26,9,65,215,0,4,1,16,11,39,138,0,4,0,8,1,660,2375,27,37,41,367,101,539,1927,45,36,12,328,61,513,2320,0,2,0,230,20,326,1799,0,20,0,161,21,3944,2800,3950,2803,5,0,5,0
2015-16,29,2904,KARNATAKA,GULBARGA,1,8,1056,168,2175102,23.02,303426.73,20.38,954,20.34,1.81,67.2,56.54,77.41,10498,239147,137295,1300,1297,2,33,2,67,31,0,2732,841,988,1,5,2,34,22,0,1893,459,309,1,28,0,33,9,0,839,0,0,0,0,0,0,0,0,0,776,841,0,3,1,31,18,0,1670,879,1085,2,5,2,38,22,0,2033,324,159,0,15,0,7,6,0,511,1299,1208,2,28,2,67,25,0,2631,1300,1223,2,32,1,67,30,0,2655,72401,262966,1545,2807,268,22198,5345,22837,390367,31905,185942,844,511,268,10532,3740,6270,240012,40496,77024,701,2296,0,11666,1605,16567,150355,0,0,0,0,0,0,0,0,0,28953,161874,0,307,164,10020,2964,5358,209640,28508,37782,0,1548,0,1898,1315,10498,81549,1995,6202,12,16,36,429,207,0,8897,1787,2255,29,124,0,374,67,0,4636,0,0,0,0,0,0,0,0,0,43,2,0,0,0,0,3,48,94,10,0,1,0,0,0,105,1089,1269,2,30,2,67,30,2489,944,1016,2,27,2,56,22,2069,515,912,2,29,2,59,23,1542,1300,1223,2,32,1,67,30,2655,1299,1208,2,28,2,67,25,2631,1300,1297,2,33,2,67,31,2732,1145,1254,2,31,2,66,30,2530,241,550,2,25,2,42,21,883,337,411,1,11,2,15,9,786,342,418,2,13,2,15,10,802,835,185,0,31,0,17,25,1093,876,1065,1,4,1,38,20,2005,604,822,1,3,1,33,5,1469,640,856,1,3,1,33,6,1540,784,64,0,14,0,2,2,341,866,759,861,1,5,2,30,9,1667,4347,10378,55,148,68,735,139,15870,3782,8457,41,140,36,803,274,13533,1693,3647,13,67,1,333,94,8863,2089,4810,28,73,35,468,180,0,32495,129650,567,1314,58,9643,2626,186645,374,32808,2339,2122,2190,2444,401,898,2,4,6,65,38,179,459,2,5,1,31,16,56,176,2,1,5,8,5,56,103,0,3,0,13,3,1552,3433,4,65,8,345,131,1300,2720,1,54,0,213,60,690,2036,0,0,0,178,12,348,1148,0,9,0,50,5,5482,3401,5493,3404,0,0,0,0
2015-16,29,2905,KARNATAKA,BIDAR,1,5,803,130,2564892,32.46,352159.67,17.94,962,25.28,2.54,65.65,55.87,,10954,272154,162340,1233,1457,5,27,1,126,46,0,2895,800,945,0,8,1,47,33,0,1834,430,512,5,19,0,79,13,0,1058,3,0,0,0,0,0,0,0,3,729,833,0,5,1,43,23,0,1634,817,1137,0,8,1,51,39,0,2053,221,166,1,6,0,8,5,0,407,1230,1446,5,20,1,123,37,0,2862,1232,1454,5,27,1,124,43,0,2886,72244,313012,3577,1884,238,44337,6453,21987,463732,38678,185153,0,890,238,13473,5046,7627,251105,33394,127859,3577,994,0,30864,1407,14360,212455,172,0,0,0,0,0,0,0,172,34210,166418,0,547,238,12784,3328,6126,223651,17043,36235,750,247,0,2784,246,3860,61165,1920,5780,0,22,8,497,277,0,8504,1777,3839,49,92,0,1099,110,0,6966,10,0,0,0,0,0,0,0,10,32,2,0,1,0,1,4,40,137,25,0,2,0,0,0,164,1046,1358,5,22,1,119,44,2595,639,965,5,15,1,109,38,1772,658,966,5,19,1,101,31,1781,1229,1454,5,27,1,124,43,2883,1228,1446,5,20,1,123,37,2860,1229,1456,5,27,1,126,46,2890,1117,1386,5,27,1,122,45,2703,206,523,4,22,0,80,31,866,256,314,2,6,0,14,10,602,280,326,2,7,0,16,11,642,761,242,2,25,1,38,35,1104,815,1126,0,8,1,50,35,2035,454,714,0,4,1,34,10,1217,541,840,0,4,1,40,11,1437,663,79,0,9,0,7,5,648,763,612,753,0,5,0,32,11,1413,4575,12442,71,130,6,1271,231,18726,3707,9619,49,114,8,1596,387,15480,2080,5437,21,77,3,1108,137,5393,1570,4164,28,37,5,467,250,0,33627,154159,1477,1171,83,19468,3042,223203,485,41810,4461,1970,2085,4800,320,841,9,7,0,53,41,260,723,4,5,0,67,26,67,212,0,3,1,24,9,79,140,0,5,0,23,5,989,2565,7,23,2,313,165,1376,3538,7,55,2,821,89,321,933,0,0,0,78,8,240,1016,0,5,0,119,1,4361,3998,4422,4048,9,10,9,10
2015-16,29,2906,KARNATAKA,RAICHUR,1,5,946,125,1700018,24.9,216922.3,13.16,952,23.47,13.85,71.01,61.66,79.94,5448,168415,104581,871,1155,0,7,2,52,24,0,2111,528,715,0,4,2,19,21,0,1289,343,440,0,3,0,33,3,0,822,0,0,0,0,0,0,0,0,0,493,647,0,3,2,17,14,0,1176,537,914,0,4,2,20,21,0,1498,186,206,0,1,0,7,0,0,400,870,1147,0,3,2,52,20,0,2094,870,1151,0,7,2,52,24,0,2106,43605,207900,0,689,281,21320,3847,17504,295146,17481,104656,0,587,281,4849,3296,4526,135676,26124,103244,0,102,0,16471,551,12978,159470,0,0,0,0,0,0,0,0,0,16138,96219,0,450,281,3742,2287,3715,122832,13337,45304,0,10,0,3922,0,5799,68372,1104,4266,0,13,15,230,180,0,5808,1204,3203,0,18,0,400,20,0,4845,0,0,0,0,0,0,0,0,0,8,2,0,0,0,0,2,12,99,12,0,0,0,1,0,112,730,1106,0,5,2,49,22,1914,536,871,0,4,2,46,13,1472,473,873,0,6,1,42,17,1412,870,1151,0,7,2,52,24,2106,870,1147,0,3,2,52,20,2094,871,1155,0,7,2,52,24,2111,776,1070,0,6,2,52,22,1928,93,330,0,5,2,34,13,477,474,416,0,3,1,14,8,916,478,420,0,4,1,14,8,925,604,188,0,6,1,12,20,831,537,912,0,4,2,19,21,1495,426,809,0,3,2,18,14,1272,456,848,0,4,2,19,14,1343,580,103,0,2,0,1,0,486,686,385,561,0,4,0,13,4,967,3291,9544,0,38,16,796,124,13809,2308,7469,0,31,15,630,200,10653,1285,3670,0,22,3,354,59,5521,1023,3799,0,9,12,276,141,0,20173,103745,0,619,143,9203,1852,144151,136,14398,2661,2017,2055,2790,167,711,0,1,2,24,43,189,553,0,5,0,15,9,77,250,0,1,1,17,12,81,162,0,0,0,5,8,577,1900,0,6,6,181,58,735,1964,0,14,1,238,23,864,3347,0,7,12,217,141,951,3008,0,20,3,302,59,3195,2592,3205,2603,0,0,0,0
2015-16,29,2907,KARNATAKA,KOPPAL,1,4,676,81,1924773,25.32,272740.33,15.27,992,20.79,19.03,60.46,49.56,71.35,8442,211778,123576,914,941,2,12,2,105,38,0,2014,697,735,0,6,2,36,29,0,1505,217,206,2,6,0,69,9,0,509,0,0,0,0,0,0,0,0,0,628,645,0,4,2,32,19,0,1330,706,777,0,6,2,37,33,0,1561,154,111,2,5,0,22,0,0,294,911,932,2,6,2,105,32,0,1990,914,936,2,12,2,105,38,0,2009,55861,205134,514,941,431,37611,6338,14643,321473,37670,160457,0,553,431,12649,4517,10049,226326,18191,44677,514,388,0,24962,1821,4594,95147,0,0,0,0,0,0,0,0,0,33766,140373,0,385,431,11391,2732,7819,196897,11575,21860,514,294,0,8316,0,1583,44142,1550,4730,0,8,29,450,200,0,6967,983,1710,27,25,0,937,86,0,3768,0,0,0,0,0,0,0,0,0,36,2,0,0,0,0,1,39,167,11,0,2,0,0,1,181,656,806,1,10,2,94,34,1603,476,624,2,5,2,87,24,1220,494,755,2,9,2,91,25,1378,914,936,2,12,2,105,38,2009,911,932,2,6,2,105,32,1990,914,941,2,12,2,105,38,2014,895,925,2,12,2,105,38,1979,93,287,2,3,2,70,24,481,32,33,0,0,0,4,2,71,64,46,0,0,0,5,3,118,486,163,1,11,1,33,31,726,698,766,0,6,2,36,27,1535,600,703,0,4,1,32,13,1353,646,729,0,4,2,35,14,1430,488,28,0,1,0,0,1,231,518,655,690,0,6,0,34,17,1402,3136,7396,17,65,15,1105,258,11992,2533,6440,27,33,29,1387,286,10735,1233,3311,14,31,5,827,100,3509,1300,3129,13,2,24,560,186,0,26627,100662,205,714,171,16513,3244,154621,302,28708,2436,1332,1332,2436,245,623,0,0,8,84,35,192,490,1,1,0,97,13,93,238,1,0,1,55,16,61,184,0,1,1,22,12,772,1860,11,2,11,308,115,711,1937,13,21,4,496,44,1045,2621,0,0,24,322,155,708,2502,0,8,5,256,51,3882,3084,3882,3084,0,1,0,1
2015-16,29,2908,KARNATAKA,GADAG,1,6,439,84,1391292,16.79,194224.36,16.32,983,18.61,11.82,67.28,56.22,78.21,5570,151725,86967,540,680,3,8,0,49,33,0,1313,393,543,0,5,0,20,26,0,987,147,137,3,3,0,29,7,0,326,0,0,0,0,0,0,0,0,0,356,493,0,5,0,20,21,0,895,395,566,0,6,0,20,28,0,1015,113,91,2,2,0,13,4,0,225,534,667,3,3,0,49,28,0,1284,540,675,3,8,0,49,32,0,1307,34577,158841,2046,757,0,17979,5845,10100,230145,24282,125930,0,550,0,6475,4494,6165,167896,10295,32911,2046,207,0,11504,1351,3935,62249,0,0,0,0,0,0,0,0,0,22052,114699,0,550,0,6475,3589,5257,152622,7766,21314,1081,191,0,4325,448,2504,37629,994,3651,0,9,0,268,240,0,5162,677,1135,121,13,0,427,71,0,2444,0,0,0,0,0,0,0,0,0,12,0,0,0,0,0,0,12,68,5,0,1,0,0,0,74,457,630,3,7,0,47,32,1176,287,506,3,8,0,43,26,873,389,588,2,8,0,40,26,1053,540,674,3,8,0,49,32,1306,534,667,3,3,0,49,28,1284,540,680,3,8,0,49,33,1313,478,651,3,8,0,47,33,1220,60,235,3,6,0,33,24,361,117,166,0,2,0,12,6,303,137,175,0,2,0,13,7,334,242,89,2,7,0,18,27,385,393,555,0,4,0,20,21,993,291,495,0,1,0,20,12,819,306,508,0,2,0,20,16,852,237,26,0,2,0,1,2,160,268,317,431,0,6,0,18,10,782,1850,5439,52,28,0,587,188,8144,1671,4786,121,22,0,695,311,7606,865,2133,59,13,0,324,115,2675,802,2653,62,9,0,371,196,0,16688,77742,862,630,0,8307,2639,111456,209,20789,1386,997,1014,1426,97,339,2,1,0,39,26,66,210,1,0,0,24,17,58,177,4,0,0,21,10,50,123,3,0,0,13,3,561,1811,41,6,0,254,129,615,1407,45,10,0,212,74,82,408,0,0,0,8,8,44,204,0,0,0,3,8,3036,2042,3050,2059,29,24,29,24
2015-16,29,2909,KARNATAKA,DHARWAD,1,7,427,84,1065235,35.65,127295.58,9.61,978,16.36,5.79,75.18,65.29,84.89,4657,97470,55810,270,507,0,16,3,50,17,0,863,186,400,0,4,1,31,13,0,635,84,107,0,12,2,19,4,0,228,0,0,0,0,0,0,0,0,0,147,298,0,3,0,28,6,0,482,194,439,0,4,3,34,15,0,689,39,37,0,2,0,4,2,0,84,262,456,0,14,2,50,14,0,798,268,463,0,16,2,50,17,0,816,18764,103200,0,1588,661,15235,2479,11049,152976,11138,73021,0,488,78,7313,1964,3528,97530,7626,30179,0,1100,583,7922,515,7521,55446,0,0,0,0,0,0,0,0,0,8609,52766,0,287,0,6652,873,2395,71582,3105,8944,0,112,0,1742,288,3478,17669,546,2642,0,18,19,419,133,0,3777,391,835,0,50,75,326,26,0,1703,0,0,0,0,0,0,0,0,0,2,0,0,0,0,0,0,2,23,6,0,0,0,0,0,29,250,494,0,14,3,46,17,824,194,413,0,12,3,45,12,679,227,452,0,15,3,44,14,755,268,462,0,16,2,50,17,815,262,456,0,14,2,50,14,798,270,507,0,16,3,50,17,863,268,504,0,16,3,50,17,858,68,270,0,11,3,37,15,404,100,235,0,11,3,25,3,377,105,237,0,11,3,26,4,386,105,44,0,12,0,10,10,181,193,436,0,3,3,34,15,684,128,358,0,2,3,30,9,530,139,384,0,2,3,33,9,570,130,19,0,3,0,0,0,231,152,185,411,0,3,2,32,7,640,1166,4559,0,89,43,499,95,6451,937,3477,0,68,94,745,159,5480,552,1666,0,35,24,348,50,5980,383,1810,0,33,70,397,109,0,8749,51190,0,822,326,6623,1315,74403,175,19291,1021,657,664,1039,59,263,0,4,10,57,16,47,167,0,2,5,22,3,31,125,0,1,6,18,15,48,91,0,5,0,9,1,240,1093,0,19,30,221,51,347,980,0,17,10,196,35,87,531,0,0,20,98,16,67,371,0,4,9,65,4,2125,1629,2129,1634,9,2,9,2
2015-16,29,2910,KARNATAKA,UTTARA KANNADA,1,5,442,86,1846993,56.83,210187.8,15.13,967,9.63,4.74,80.3,73.57,86.83,4260,155729,94416,358,701,5,8,3,133,19,0,1227,222,520,1,3,2,22,13,0,783,136,181,4,5,1,111,6,0,444,0,0,0,0,0,0,0,0,0,167,357,0,1,2,11,6,0,544,231,589,3,3,2,43,15,0,886,41,39,1,2,0,3,3,0,89,354,650,5,6,3,128,16,0,1162,356,661,5,8,3,128,17,0,1178,22603,158169,1961,382,696,60218,3305,13989,261323,11824,107302,1021,294,428,7350,2000,4635,134854,10779,50867,940,88,268,52868,1305,9354,126469,0,0,0,0,0,0,0,0,0,8300,68834,0,100,428,3548,872,3119,85201,2792,8068,237,35,0,295,582,3203,15212,590,3816,37,11,47,350,118,0,4969,548,1551,72,7,8,1787,66,0,4039,0,0,0,0,0,0,0,0,0,12,0,0,1,0,0,3,16,27,2,0,3,0,0,0,32,310,664,5,7,3,129,18,1136,221,529,5,6,3,126,15,905,243,572,5,5,3,125,14,967,356,661,5,8,3,128,17,1178,354,650,5,6,3,128,16,1162,358,701,5,8,3,133,19,1227,331,685,5,7,3,133,19,1183,119,407,5,6,3,121,16,677,87,205,1,2,0,22,3,320,104,228,4,3,1,31,8,379,173,85,2,8,0,39,14,321,231,589,2,3,2,41,15,883,0,0,0,0,1,0,4,5,0,0,0,1,1,0,4,6,203,29,0,5,0,3,0,235,240,227,550,2,3,2,31,4,819,1440,6556,67,28,20,1717,74,9902,1138,5367,109,18,55,2137,184,9008,815,3460,46,15,18,1546,80,2987,323,1907,63,3,37,591,104,0,10713,80352,720,264,281,26717,1500,127304,328,30349,2929,1071,1078,2961,41,308,13,0,3,123,13,92,606,3,2,2,214,7,33,115,2,0,5,30,4,46,150,2,0,0,53,2,173,888,23,1,17,187,49,402,1525,14,7,10,463,48,133,700,0,0,0,53,10,168,884,0,4,0,44,7,1935,3009,1950,3019,0,0,0,0
2015-16,29,2911,KARNATAKA,HAVERI,1,7,840,110,1436847,29.14,146414.71,6.15,975,8.1,2.38,84.03,78.21,89.72,10277,,,526,529,4,5,1,24,16,0,1105,498,482,2,0,0,6,4,0,992,28,47,2,5,1,18,12,0,113,0,0,0,0,0,0,0,0,0,466,424,2,0,0,5,2,0,899,504,493,2,0,0,8,14,0,1021,21,23,2,3,0,11,4,0,64,524,523,4,5,1,24,14,0,1095,526,525,4,5,1,24,15,0,1100,13078,46991,2886,421,112,7381,2276,7795,80940,9283,33323,1995,0,0,886,366,2095,47948,3795,13668,891,421,112,6495,1910,5700,32992,0,0,0,0,0,0,0,0,0,8607,28914,1995,0,0,798,199,1739,42252,2130,4762,891,250,0,3540,340,3705,15618,1004,2146,73,0,0,77,39,0,3339,155,386,38,18,9,228,115,0,949,0,0,0,0,0,0,0,0,0,45,0,0,0,0,0,2,47,46,10,0,0,0,0,0,56,424,489,4,5,1,23,16,962,311,409,4,4,1,22,15,766,362,462,4,2,1,19,16,866,526,525,4,5,1,24,15,1100,524,523,4,5,1,24,14,1095,526,529,4,5,1,24,16,1105,526,527,4,5,1,24,16,1103,57,268,4,4,1,22,13,369,70,92,1,0,0,0,3,166,82,95,1,0,0,0,3,181,56,20,3,3,1,9,6,98,500,490,0,0,0,8,13,1011,453,446,0,0,0,8,7,914,481,476,0,0,0,8,10,975,496,203,0,1,0,2,1,131,703,493,484,1,0,0,7,8,993,1252,3210,68,13,4,196,78,4821,1159,2532,111,18,9,305,154,4288,762,1849,63,16,3,221,73,3992,397,683,48,2,6,84,81,0,6604,23084,1306,199,33,3178,1181,39435,105,11253,737,200,200,749,12,87,2,0,0,4,8,22,96,5,0,0,4,3,2,14,3,0,0,0,3,7,14,2,0,0,2,0,303,451,12,1,4,53,47,563,1297,29,14,3,127,41,227,333,0,0,0,6,1,356,747,0,0,0,19,10,1088,2220,1098,2226,3,12,3,12
2015-16,29,2912,KARNATAKA,BELLARY,1,8,674,128,1598506,22.27,187824.46,11.08,951,13.77,8.85,77.6,70.65,84.22,4823,144551,83654,582,830,3,8,1,58,24,0,1506,471,685,0,2,1,15,19,0,1193,111,145,3,6,0,43,5,0,313,0,0,0,0,0,0,0,0,0,426,609,0,1,1,12,12,0,1061,477,739,0,4,1,17,20,0,1258,71,78,1,2,0,12,3,0,167,578,792,3,8,1,58,18,0,1458,581,795,3,8,1,57,24,0,1469,27405,147982,2063,580,243,23021,3512,16239,221045,19242,114244,0,130,243,4985,2799,6224,147867,8163,33738,2063,450,0,18036,713,10015,73178,0,0,0,0,0,0,0,0,0,16620,99606,0,67,243,3432,1813,5638,127419,4618,15937,583,199,0,4126,433,6029,31925,1160,4263,0,5,25,184,178,0,5815,475,1091,54,19,0,663,45,0,2347,0,0,0,0,0,0,0,0,0,10,0,0,1,0,0,1,12,49,5,0,0,0,0,0,54,574,827,3,7,1,57,22,1491,299,591,3,8,1,53,19,974,392,705,3,7,1,46,17,1171,575,794,3,8,1,57,24,1462,561,790,3,8,1,58,18,1439,582,830,3,8,1,58,24,1506,573,826,3,8,1,58,24,1493,380,584,3,6,1,55,21,1050,371,651,0,2,1,26,5,1056,473,769,3,5,1,54,20,1325,183,78,3,3,0,32,19,318,474,738,0,4,1,17,18,1252,311,668,0,3,1,14,11,1008,346,706,0,3,1,15,11,1082,392,30,0,1,0,0,0,302,423,436,682,0,3,1,15,5,1142,1897,6373,39,21,6,626,96,9058,1635,5354,54,24,25,847,223,8162,835,2529,44,14,7,487,76,6291,800,2825,10,10,18,360,147,0,13217,73162,843,187,91,10439,2042,107793,258,21401,1444,819,838,1509,106,367,0,0,1,33,14,70,231,2,1,0,23,8,79,254,1,2,2,22,9,64,185,1,1,0,21,2,527,1871,5,4,3,230,92,553,1612,20,10,1,290,45,224,801,0,2,0,41,13,166,517,0,1,0,24,4,3294,2457,3322,2476,10,7,10,7
2015-16,29,2913,KARNATAKA,CHITRADURGA,1,6,1087,151,2532383,36.3,341871.71,24.92,978,21.1,18.41,67.85,58.28,77.24,8461,253461,145395,758,1113,3,13,1,88,49,0,2025,527,783,2,6,1,33,39,0,1391,231,330,1,7,0,55,10,0,634,0,0,0,0,0,0,0,0,0,443,612,0,5,1,32,32,0,1125,530,855,2,6,1,33,41,0,1468,138,131,1,5,0,17,5,0,297,757,1105,3,7,1,88,42,0,2003,757,1107,3,13,1,88,46,0,2015,45491,279093,3229,1200,240,38885,7194,19771,395103,28650,180523,1192,667,240,13061,5838,7903,238074,16841,98570,2037,533,0,25824,1356,11868,157029,0,0,0,0,0,0,0,0,0,23188,142599,0,561,240,12345,4505,5087,188525,10889,33058,2037,454,0,7153,524,4960,59075,1243,5126,23,24,9,312,292,0,7029,971,2772,31,31,0,777,92,0,4674,0,0,0,0,0,0,0,0,0,15,2,0,0,0,0,10,27,105,18,0,0,0,0,2,125,659,1009,3,11,1,81,42,1806,359,716,3,9,1,75,28,1191,459,887,3,10,1,76,34,1470,754,1107,3,13,1,88,46,2012,754,1105,3,7,1,88,42,2000,758,1113,3,13,1,88,48,2024,719,1087,3,13,1,85,48,1956,149,493,3,12,1,73,28,759,142,196,2,4,0,11,7,362,175,220,2,4,1,13,12,427,337,148,0,12,0,33,39,569,520,837,1,2,1,32,30,1423,281,428,0,0,1,17,8,735,320,469,0,0,1,17,12,819,407,49,0,3,0,2,6,364,467,494,771,2,6,1,29,14,1317,2990,9454,84,43,5,980,183,13739,2214,7898,54,55,9,1089,384,11703,1163,4236,37,36,1,692,126,4500,1051,3649,17,19,8,397,258,0,21255,137191,1476,859,82,17292,3279,190698,535,54691,2888,1463,1545,3119,183,577,2,4,1,49,30,142,408,2,4,1,52,14,114,295,0,2,1,35,32,121,308,0,7,0,35,7,586,1927,0,11,1,214,157,631,2285,2,20,0,386,82,213,648,0,1,0,25,5,109,476,0,3,0,21,4,3809,3142,3841,3166,13,6,13,6
2015-16,29,2914,KARNATAKA,DAVANAGERE,1,7,878,131,1660378,19.78,177826.48,9.39,969,23.45,18.23,73.82,66.05,81.37,8436,137222,80463,935,1029,2,19,1,22,23,0,2031,857,824,0,6,1,4,21,0,1713,78,205,2,13,0,18,2,0,318,0,0,0,0,0,0,0,0,0,820,755,0,4,1,4,11,0,1595,861,897,0,12,1,4,22,0,1797,47,91,1,9,0,6,1,0,155,935,1025,2,17,1,22,18,0,2020,935,1027,2,19,1,22,23,0,2029,29124,144301,1025,1176,229,9826,3499,18054,207234,23046,97804,0,475,229,659,2936,5288,130437,6078,46497,1025,701,0,9167,563,12766,76797,0,0,0,0,0,0,0,0,0,22072,89406,0,301,229,659,1375,3591,117633,3976,20382,507,442,0,3086,183,8748,37324,1768,4299,0,18,21,49,164,0,6319,399,1567,43,36,0,272,24,0,2341,0,0,0,0,0,0,0,0,0,94,1,0,0,0,0,4,99,124,7,0,0,0,0,0,131,829,986,2,18,1,22,22,1880,435,683,2,17,1,19,18,1175,626,843,2,16,1,19,15,1522,935,1026,2,19,1,22,23,2028,935,1024,2,17,1,22,18,2019,935,1028,2,19,1,22,23,2030,926,1021,2,19,1,22,23,2014,58,294,2,5,1,18,19,397,501,488,0,6,1,2,5,1003,506,500,0,6,1,7,8,1028,213,88,2,8,0,13,19,343,857,889,0,11,1,4,16,1778,767,840,0,10,0,4,9,1630,794,857,0,11,0,4,12,1678,805,94,0,7,0,0,0,352,906,835,851,0,9,1,4,15,1715,2396,6804,40,64,6,251,78,9639,2167,5866,43,54,21,321,188,8660,1029,3156,26,25,6,194,64,5686,1138,2710,17,29,15,127,124,0,14096,70517,429,693,95,4254,1901,100716,344,23270,1505,832,832,1509,213,518,3,4,2,17,19,158,452,1,1,0,21,10,122,317,3,7,1,13,18,119,297,2,5,1,18,4,720,1673,9,13,3,87,68,636,2056,19,11,1,122,37,1047,2250,0,15,0,28,26,751,2316,0,13,0,30,8,3326,2990,3328,2991,0,0,0,0
2015-16,29,2915,KARNATAKA,SHIMOGA,1,7,1468,170,1946905,32.31,206956,8.71,967,20.18,11.98,76.3,69.39,83.02,5924,158348,97666,814,1045,0,34,1,42,19,0,1955,646,699,0,3,1,9,18,0,1376,168,346,0,31,0,33,1,0,579,0,0,0,0,0,0,0,0,0,592,610,0,2,1,5,13,0,1223,658,842,0,14,1,9,18,0,1542,92,153,0,17,0,10,0,0,272,814,1027,0,32,1,41,14,0,1929,814,1030,0,34,1,42,19,0,1940,34145,176951,0,2490,233,18498,2910,23670,258897,22780,97140,0,387,233,1908,2771,9033,134252,11365,79811,0,2103,0,16590,139,14637,124645,0,0,0,0,0,0,0,0,0,19889,81351,0,182,233,978,1951,6800,111384,5791,27913,0,756,0,4156,0,7087,45703,1507,4200,0,17,22,105,163,0,6014,754,2883,0,115,0,693,6,0,4451,0,0,0,0,0,0,0,0,0,28,3,0,0,0,0,2,33,71,4,0,0,0,0,0,75,721,999,0,34,1,39,18,1812,403,756,0,29,1,34,15,1238,634,871,0,21,1,38,14,1579,814,1030,0,34,1,42,19,1940,809,1021,0,32,1,41,14,1918,814,1045,0,34,1,42,19,1955,772,1016,0,31,1,42,19,1881,102,438,0,18,1,37,14,610,198,286,0,0,0,8,0,492,216,309,0,1,0,10,2,538,205,129,0,14,1,24,15,388,655,839,0,14,0,7,9,1524,613,769,0,12,0,7,6,1407,629,818,0,13,0,7,6,1473,594,65,0,16,0,2,0,374,677,651,794,0,12,0,7,6,1470,2708,8361,0,144,3,443,59,11718,2261,7083,0,132,22,798,169,10465,1257,3763,0,66,4,534,62,5720,1004,3320,0,66,18,264,107,0,16484,86240,0,1236,105,8148,1697,125545,441,36233,2843,1596,1600,2851,170,507,0,3,4,22,15,126,355,0,4,0,30,5,134,375,0,3,0,19,7,122,276,0,3,0,24,3,573,1735,0,29,7,100,78,731,1993,0,39,2,204,46,903,2664,0,31,18,113,64,823,2661,0,21,4,210,27,3177,2834,3179,2835,0,0,0,0
2015-16,29,2916,KARNATAKA,UDUPI,1,5,308,79,1755512,35.5,176955.61,6.88,995,17.58,3.73,80.5,74.89,86.11,8478,129539,84564,1023,1211,6,15,1,64,20,0,2340,949,926,0,3,1,14,15,0,1908,74,285,6,12,0,50,5,0,432,0,0,0,0,0,0,0,0,0,890,786,0,2,1,8,14,0,1701,952,1022,0,7,1,16,15,0,2013,42,107,3,2,0,18,3,0,175,1023,1205,6,15,1,63,18,0,2331,1023,1204,6,15,1,64,20,0,2333,26228,143109,2818,1136,238,18747,2277,20539,215092,21588,79440,0,238,238,2472,1988,8793,114757,4640,63669,2818,898,0,16275,289,11746,100335,0,0,0,0,0,0,0,0,0,19927,65463,0,97,238,1319,1834,6411,95289,2408,19185,1676,105,0,5646,157,4640,33817,1711,4188,0,15,24,163,123,0,6224,312,1998,84,39,0,683,36,0,3152,0,0,0,0,0,0,0,0,0,76,1,1,1,0,1,0,80,228,30,0,1,0,0,0,259,856,1152,6,15,1,63,17,2110,540,840,6,11,1,56,18,1472,832,1075,6,14,1,54,16,1998,1023,1204,6,15,1,64,20,2333,1023,1205,6,15,1,63,18,2331,1023,1211,6,15,1,64,20,2340,973,1183,6,15,1,64,20,2262,26,329,5,7,1,48,14,430,85,105,0,4,0,5,1,200,640,531,6,14,1,47,16,1255,157,99,4,6,0,34,14,314,951,990,0,5,1,14,9,1970,855,878,0,5,1,12,8,1759,868,900,0,5,1,12,8,1794,938,282,1,5,0,3,1,286,1230,935,977,0,4,1,10,3,1930,2417,7526,49,53,6,633,74,10758,2023,6186,84,54,24,846,159,9376,1096,3833,57,35,7,610,82,3338,927,2353,27,19,17,236,77,0,12750,70087,1093,544,101,8684,1237,104524,387,27871,2282,834,840,2312,170,351,1,4,1,18,16,114,357,2,5,1,30,7,67,168,0,1,0,12,4,55,201,0,2,0,14,15,555,1322,19,11,3,142,43,607,2085,37,19,0,371,41,409,877,0,5,0,33,26,375,1101,0,5,0,105,20,2813,3406,2816,3408,0,0,0,0
2015-16,29,2917,KARNATAKA,CHIKKAMANGALORE,1,8,950,123,1177908,28.36,100593.34,5.9,1093,6.41,4.49,86.29,81.41,91.69,3582,73055,46058,274,644,8,7,6,27,7,0,973,247,363,1,0,2,2,4,0,619,27,281,7,7,4,25,3,0,354,0,0,0,0,0,0,0,0,0,241,335,0,0,2,2,4,0,584,262,556,1,4,5,2,5,0,835,22,223,5,6,2,21,2,0,281,274,644,8,7,6,27,7,0,973,274,643,8,7,6,27,7,0,972,7436,87318,5395,331,963,9404,639,12938,124424,5922,34618,165,0,328,291,476,5327,47127,1514,52700,5230,331,635,9113,163,7611,77297,0,0,0,0,0,0,0,0,0,5784,31087,0,0,328,291,476,4380,42346,1254,38242,3315,298,157,8096,110,5527,56999,480,1761,9,0,31,20,31,0,2332,94,1590,192,10,66,404,17,0,2373,0,0,0,0,0,0,0,0,0,4,0,0,0,0,0,2,6,51,44,0,3,0,0,0,98,235,623,8,7,6,27,7,913,189,568,8,7,6,27,4,809,108,507,5,4,4,23,7,658,272,643,8,7,6,27,7,970,269,628,8,7,6,27,7,952,274,644,8,7,6,27,7,973,267,641,8,7,6,27,7,963,26,361,8,3,6,26,6,436,61,175,0,2,0,3,0,241,66,201,0,3,1,4,2,277,42,55,5,1,1,20,5,129,261,555,0,4,5,2,3,830,237,503,0,3,5,2,1,751,257,533,0,4,5,2,1,802,251,155,0,5,0,0,1,198,412,259,544,0,4,3,2,2,814,805,4787,128,17,29,315,16,6097,574,3351,201,10,97,424,48,4705,330,2403,177,9,43,343,33,3875,244,943,24,1,54,81,15,0,3665,42375,2402,163,391,4362,283,59890,134,18447,1692,518,546,1822,13,111,1,0,7,6,1,18,176,0,1,4,8,2,9,60,3,1,5,2,0,18,77,2,0,9,7,0,187,600,12,0,13,52,10,243,1731,123,4,14,278,25,187,580,0,0,6,5,1,219,1166,0,3,10,10,0,816,1515,816,1516,0,0,0,0
2015-16,29,2918,KARNATAKA,TUMKUR,1,6,1450,179,1137753,21.07,100804.92,-0.28,1005,22.29,3.95,79.24,72.88,85.66,7202,75667,49836,854,828,4,5,2,38,20,0,1751,806,688,0,2,2,4,19,0,1521,48,140,4,3,0,34,1,0,230,0,0,0,0,0,0,0,0,0,771,610,0,2,2,2,18,0,1405,808,716,0,2,2,7,19,0,1554,25,71,2,1,0,16,1,0,116,853,824,4,5,2,38,18,0,1744,854,823,4,5,2,38,20,0,1746,16603,75974,2502,356,392,11484,2850,11972,122133,13895,47328,0,136,392,293,2770,5366,70180,2708,28646,2502,220,0,11191,80,6606,51953,0,0,0,0,0,0,0,0,0,13041,39946,0,136,392,132,2620,3748,60015,1294,13029,1533,14,0,5847,80,3937,25734,1429,3312,0,3,36,42,163,0,4985,238,1135,119,8,0,476,9,0,1985,0,0,0,0,0,0,0,0,0,51,0,0,0,0,0,1,52,170,26,0,0,0,0,0,196,772,785,4,4,2,34,20,1621,507,666,4,4,2,37,18,1238,642,764,4,4,2,32,13,1461,853,823,4,5,2,38,20,1745,852,824,4,5,2,38,18,1743,854,828,4,5,2,38,20,1751,839,828,4,5,2,38,20,1736,49,356,4,3,2,33,19,466,111,263,0,1,1,7,3,386,247,315,1,1,2,10,5,581,133,53,2,3,1,21,16,229,793,710,0,1,0,4,12,1520,681,654,0,1,0,4,8,1348,701,671,0,1,0,4,8,1385,810,318,0,2,0,3,0,295,1133,769,699,0,1,1,4,9,1483,2051,5468,66,15,25,360,60,8045,1667,4447,119,11,36,518,172,6970,787,2572,77,7,11,361,60,5378,880,1875,42,4,25,157,112,0,8198,37009,1102,199,168,5231,1466,59296,213,14016,1472,442,464,1521,123,278,1,2,2,15,17,96,257,0,0,2,18,8,49,115,0,0,2,12,6,41,122,0,0,2,16,5,634,1292,34,2,12,85,80,540,1836,49,6,1,254,41,665,1318,0,3,0,8,20,443,1414,0,0,0,18,12,2625,2332,2628,2336,3,18,3,18
2015-16,29,2919,KARNATAKA,KOLAR,1,6,1506,145,2681449,22.48,252324.35,3.74,979,18.92,7.82,74.32,66.45,82.05,10597,,,1464,953,0,18,1,42,14,0,2492,1401,743,0,3,1,5,13,0,2166,63,210,0,15,0,37,1,0,326,0,0,0,0,0,0,0,0,0,1346,658,0,3,1,5,11,0,2024,1405,793,0,11,1,5,14,0,2229,38,74,0,13,0,21,1,0,147,1463,951,0,18,1,42,10,0,2485,1464,952,0,18,1,42,13,0,2490,31597,114633,0,907,220,20625,1766,19465,189213,27516,61610,0,154,220,1348,1708,5676,98232,4081,53023,0,753,0,19277,58,13789,90981,0,0,0,0,0,0,0,0,0,25858,50684,0,154,220,1348,1508,3803,83575,2592,17932,0,530,0,10446,58,8098,39656,2540,3041,0,10,17,66,101,0,5775,287,1770,0,37,0,648,9,0,2751,0,0,0,0,0,0,0,0,0,191,0,0,0,0,0,0,191,272,21,0,6,0,0,0,299,1286,911,0,17,1,42,13,2270,474,574,0,17,1,41,12,1119,1083,799,0,12,1,41,12,1948,1462,952,0,18,1,42,13,2488,1461,951,0,18,1,42,10,2483,1464,953,0,18,1,42,14,2492,1432,937,0,18,1,42,14,2444,83,396,0,5,1,38,9,532,281,252,0,3,0,6,1,543,339,278,0,3,0,6,1,627,139,70,0,3,0,17,13,242,1401,792,0,11,0,4,11,2219,1249,741,0,5,0,4,3,2002,1307,768,0,9,0,4,9,2097,1402,250,0,13,0,0,0,430,1665,1399,777,0,11,0,4,9,2200,3322,6203,0,73,9,578,43,10228,2827,4811,0,47,17,714,110,8526,1547,3286,0,25,6,480,34,5494,1280,1525,0,22,11,234,76,0,15962,54935,0,426,89,9171,1033,90537,294,25264,1994,657,675,2076,209,238,0,3,2,20,12,190,343,0,4,1,34,1,103,100,0,3,2,11,4,98,174,0,1,0,23,2,878,1040,0,15,6,157,54,1095,2240,0,17,3,329,28,814,797,0,12,0,13,11,850,1385,0,5,0,34,5,2450,3277,2462,3293,11,9,11,9
2015-16,29,2920,KARNATAKA,BANGALORE U SOUTH,1,5,584,96,1540231,31.38,161878.28,11.04,976,30.32,5.13,74.33,66.56,81.94,3979,125881,77893,1289,804,4,10,0,91,20,0,2218,1219,609,1,8,0,10,20,0,1867,69,195,3,2,0,81,0,0,350,1,0,0,0,0,0,0,0,1,1165,539,0,3,0,9,9,0,1725,1220,652,1,8,0,11,20,0,1912,35,88,1,2,0,47,0,0,173,1289,799,4,6,0,91,16,0,2205,1289,801,4,9,0,91,20,0,2214,32817,103858,3346,933,0,34099,2567,12500,190120,28581,53617,819,744,0,1296,2567,5544,93168,4236,50241,2527,189,0,32803,0,6956,96952,0,0,0,0,0,0,0,0,0,26176,44495,0,307,0,1253,921,3726,76878,2281,21335,1273,189,0,16593,0,3594,45265,2284,2747,16,30,0,84,126,0,5287,321,1726,70,5,0,1293,0,0,3415,4,0,0,0,0,0,0,0,4,212,0,0,0,0,0,0,212,259,21,0,0,0,0,0,280,1188,782,4,10,0,91,20,2095,514,478,4,10,0,80,13,1099,951,663,4,10,0,86,18,1732,1207,795,4,9,0,91,20,2126,1113,780,4,6,0,91,16,2010,1288,804,4,10,0,91,20,2217,1244,791,4,10,0,91,20,2160,178,487,4,6,0,85,15,775,253,197,1,4,0,8,3,466,283,204,1,4,0,9,4,505,170,81,1,4,0,50,17,323,1217,647,0,8,0,10,19,1901,1157,627,0,8,0,10,16,1818,1180,638,0,8,0,10,16,1852,1197,214,0,3,0,3,2,203,1419,1218,631,0,8,0,10,9,1876,3048,5744,92,50,0,1147,83,10164,2609,4473,86,35,0,1377,126,8706,1356,3055,40,26,0,974,43,23555,1253,1418,46,9,0,403,83,0,16974,50873,1502,599,0,15025,1277,92377,278,25634,2582,804,807,2608,329,357,2,1,0,89,18,271,622,9,1,0,170,11,82,82,0,0,0,20,10,59,123,0,0,0,34,5,725,811,39,6,0,221,49,824,1771,21,17,0,561,21,986,925,0,7,0,34,29,931,1460,0,23,0,24,15,2393,2880,2397,2882,7,1,7,1
2015-16,29,2921,KARNATAKA,BANGALORE RURAL,1,4,899,89,,,,,,,,,,91.82,0,,,689,1104,559,5,4,485,19,0,2865,440,452,4,0,1,9,4,0,910,241,645,554,5,3,476,15,0,1939,8,7,1,0,0,0,0,0,16,259,151,0,0,0,1,2,0,413,462,626,8,2,2,9,6,0,1115,39,87,32,0,0,93,4,0,255,689,1095,552,5,4,484,18,0,2847,687,1099,557,4,2,485,18,0,2852,39014,219432,256739,231,605,202512,2288,21269,742090,17324,78500,4195,0,300,4984,447,5507,111257,21356,140279,252313,231,305,197528,1841,15762,629615,334,653,231,0,0,0,0,0,1218,7470,17715,0,0,0,292,208,1311,26996,2380,16487,20202,0,0,38002,344,1951,79366,909,2830,96,0,10,143,42,0,4030,1174,5167,8865,13,47,8371,178,0,23815,27,40,13,0,0,0,0,0,80,46,2,5,0,1,2,1,57,121,30,5,2,0,0,0,158,641,1064,548,5,4,473,18,2753,294,761,472,5,4,447,19,2002,537,954,526,5,4,459,19,2504,687,1099,557,4,2,485,18,2852,689,1095,552,5,4,484,18,2847,689,1104,559,5,4,485,19,2865,689,1104,559,5,4,485,19,2865,313,859,544,4,4,471,18,2213,111,161,39,1,1,43,3,359,135,200,51,1,1,55,3,446,274,315,208,2,2,260,7,1068,457,622,4,2,1,7,6,1099,115,69,0,0,0,0,2,186,127,81,1,0,0,1,2,212,455,158,16,2,1,10,6,293,648,454,555,4,1,1,8,4,1027,2935,10077,8947,12,26,8078,214,30289,2110,8037,8974,13,57,8514,220,27925,1776,6799,7582,9,25,7208,156,3724,334,1238,1392,4,32,1306,64,0,19258,110217,123354,79,52,94793,1186,360148,1487,165398,18095,3321,3604,20211,59,158,74,1,1,126,7,127,485,203,0,2,224,10,15,64,42,0,1,32,2,68,167,151,0,2,121,5,143,462,360,3,4,426,26,739,2864,2230,9,12,2606,52,151,404,5,1,0,34,11,552,1963,10,2,0,134,21,741,3225,754,3258,4,14,4,14
2015-16,29,2922,KARNATAKA,MANDYA,1,8,1355,145,987257,27.11,101983.65,16.02,945,21.57,5.34,78.29,70.73,85.44,2298,76980,45496,744,525,5,3,1,92,6,0,1376,692,432,0,3,1,6,5,0,1139,52,93,5,0,0,86,1,0,237,0,0,0,0,0,0,0,0,0,661,387,0,2,1,6,4,0,1061,692,447,0,3,1,6,5,0,1154,37,53,3,0,0,53,1,0,147,743,522,5,3,1,92,5,0,1371,743,523,5,3,1,92,6,0,1373,17089,57802,2312,192,233,36620,643,7908,122799,13784,36812,0,192,233,842,643,3473,55979,3305,20990,2312,0,0,35778,0,4435,66820,0,0,0,0,0,0,0,0,0,12640,29677,0,105,233,842,555,2353,46405,2233,9428,1751,0,0,19606,0,2364,35382,1295,1907,0,8,27,73,48,0,3358,268,845,118,0,0,1382,0,0,2613,0,0,0,0,0,0,0,0,0,140,2,0,0,0,0,1,143,182,15,0,0,0,0,0,197,706,505,5,3,1,88,6,1314,286,325,5,2,1,87,6,712,616,479,5,3,1,85,3,1192,743,523,5,3,1,92,6,1373,743,522,5,3,1,92,5,1371,744,525,5,3,1,92,6,1376,736,521,5,3,1,92,6,1364,73,258,5,1,1,87,6,431,238,202,2,2,0,14,0,458,336,246,2,2,0,41,0,627,54,44,4,1,0,47,4,154,687,441,0,3,0,6,4,1141,596,385,0,2,0,5,3,991,631,406,0,3,0,5,3,1048,697,172,0,1,0,3,1,125,874,682,439,0,3,0,6,2,1132,1775,3403,79,16,6,1138,33,6450,1563,2752,118,8,27,1455,48,5971,872,1738,87,5,10,993,19,4661,690,1013,31,3,17,462,29,0,8606,28785,1035,104,107,16512,371,59379,285,25869,1697,682,742,1870,79,150,1,0,4,65,7,102,204,5,2,0,86,1,54,62,1,0,1,26,3,37,84,7,0,1,36,0,481,679,17,2,3,255,8,591,1126,53,1,0,585,14,420,501,0,0,0,25,4,391,725,0,3,0,20,1,1475,1827,1494,1841,9,13,9,13
2015-16,29,2923,KARNATAKA,HASSAN,1,8,1971,208,1808680,17.08,162057.73,2.55,989,14.69,1.24,70.14,62.1,78.14,4962,124847,79322,983,1052,3,13,1,43,30,0,2125,917,813,0,8,1,3,26,0,1768,66,239,3,5,0,40,4,0,357,0,0,0,0,0,0,0,0,0,885,755,0,6,1,3,18,0,1668,919,871,0,9,1,3,26,0,1829,44,160,2,2,0,27,1,0,236,977,1044,3,10,1,43,23,0,2101,982,1044,3,13,1,43,30,0,2116,22349,120755,682,1521,228,15180,4653,17663,183031,18101,63529,0,635,228,426,4013,8174,95106,4248,57226,682,886,0,14754,640,9489,87925,0,0,0,0,0,0,0,0,0,17162,57627,0,461,228,426,2696,6640,85240,2633,33272,311,441,0,10033,74,5728,52492,1505,3113,0,37,20,36,209,0,4920,324,1990,64,23,0,576,39,0,3016,0,0,0,0,0,0,0,0,0,64,1,0,0,0,1,2,68,277,54,0,0,0,0,0,331,947,1034,3,13,1,41,29,2068,450,728,3,9,1,39,23,1253,820,901,3,11,1,38,19,1793,982,1044,3,13,1,43,30,2116,977,1044,3,10,1,43,23,2101,983,1052,3,13,1,43,30,2125,983,1052,3,13,1,43,30,2125,58,437,3,9,1,39,25,572,284,210,0,4,1,3,5,507,288,214,0,5,1,4,5,517,67,76,2,3,0,27,23,198,916,861,0,8,1,3,17,1806,834,791,0,7,1,2,11,1646,859,819,0,7,1,2,13,1701,919,288,0,1,0,1,1,344,1210,916,838,0,9,1,3,13,1780,2523,7371,50,95,6,479,117,10641,1829,5103,64,60,20,612,248,7936,882,3137,42,45,13,434,108,5320,947,1966,22,15,7,178,140,0,11403,58282,297,850,108,6592,2298,88109,350,25832,2330,635,642,2374,145,389,5,5,0,18,20,148,516,2,5,2,41,12,40,105,1,2,0,8,4,33,128,0,4,0,28,3,708,1331,10,8,1,128,108,604,2107,34,35,2,291,87,656,1147,0,9,7,4,11,426,1198,0,12,13,4,7,2604,2234,2618,2235,15,52,15,52
2015-16,29,2924,KARNATAKA,DAKSHINA KANNADA,1,7,487,114,1776221,21.23,155596.96,3.17,1005,19.42,1.82,75.89,68.3,83.55,6814,117054,78073,1480,1207,0,23,1,41,29,0,2781,1410,980,0,9,1,1,29,0,2430,70,227,0,14,0,40,0,0,351,0,0,0,0,0,0,0,0,0,1358,915,0,8,1,1,24,0,2307,1412,1030,0,10,1,1,29,0,2483,42,125,0,8,0,13,0,0,188,1480,1196,0,21,1,41,24,0,2763,1480,1196,0,22,1,41,29,0,2769,30228,109754,0,1800,147,19172,4117,19305,184523,25339,61505,0,549,147,1096,4117,9416,102169,4889,48249,0,1251,0,18076,0,9889,82354,0,0,0,0,0,0,0,0,0,24122,54523,0,505,147,1096,3488,7545,91426,3180,21830,0,644,0,6421,0,5110,37185,2530,3825,0,29,22,30,204,0,6640,321,1768,0,53,0,694,0,0,2836,0,0,0,0,0,0,0,0,0,213,1,0,0,0,2,6,222,280,30,0,1,0,0,0,311,1463,1198,0,22,1,41,28,2753,691,778,0,19,1,39,16,1544,1036,952,0,23,1,39,20,2071,1480,1196,0,22,1,41,29,2769,1480,1196,0,21,1,41,24,2763,1480,1207,0,23,1,41,29,2781,1476,1205,0,23,1,41,29,2775,77,401,0,17,1,38,23,557,108,88,0,1,0,2,1,200,146,105,0,1,0,3,1,256,149,71,0,11,0,19,25,275,1408,1023,0,10,1,0,13,2455,1274,956,0,7,1,0,3,2241,1323,997,0,8,1,0,4,2333,1413,500,0,6,0,0,0,439,1919,1410,1029,0,10,1,1,25,2476,3329,7410,0,104,2,487,101,11433,2851,5593,0,82,22,724,204,9476,1360,3323,0,55,8,501,73,6501,1487,2267,0,27,14,223,131,0,15095,54151,0,928,68,8525,2250,90548,427,26878,2121,695,700,2136,185,351,0,3,3,15,24,182,331,0,8,1,25,12,49,88,0,1,1,4,3,35,86,0,0,0,10,2,1155,1657,0,22,1,154,95,999,2469,0,44,2,354,55,684,749,0,8,0,4,6,407,726,0,7,0,1,1,3430,3178,3442,3181,7,3,7,3
2015-16,29,2925,KARNATAKA,KODAGU,1,3,286,42,2083625,47.6,202736.71,9.8,1018,7.09,3.94,88.62,84.04,93.31,4861,149387,94417,334,1079,4,20,1,31,11,0,1480,281,647,2,3,1,13,9,0,956,53,432,2,17,0,18,2,0,524,0,0,0,0,0,0,0,0,0,261,550,0,1,1,11,7,0,831,291,850,2,9,1,13,9,0,1175,37,263,2,10,0,6,1,0,319,334,1074,4,19,1,31,9,0,1472,334,1076,4,18,1,31,9,0,1473,12497,201169,2018,1917,195,10113,1185,26295,255389,7515,72326,1662,267,195,2876,1034,5768,91643,4982,128843,356,1650,0,7237,151,20527,163746,0,0,0,0,0,0,0,0,0,6984,62121,0,152,195,2212,796,4824,77284,3372,63773,356,1120,0,2503,89,10216,81429,467,3228,30,10,23,131,48,0,3937,221,3363,30,56,0,307,18,0,3995,0,0,0,0,0,0,0,0,0,2,1,0,0,0,0,1,4,86,51,0,1,0,0,1,139,306,1043,4,20,1,31,10,1415,304,1022,4,19,1,31,7,1388,255,920,4,18,1,29,8,1235,334,1076,4,18,1,31,9,1473,334,1074,4,19,1,31,9,1472,334,1079,4,20,1,31,11,1480,334,1079,4,20,1,31,11,1480,54,601,4,15,1,26,11,712,115,324,3,7,0,11,2,462,122,349,3,9,0,14,2,499,68,120,2,10,1,14,7,222,289,848,0,9,1,13,7,1167,276,736,0,3,1,9,5,1030,276,755,0,3,1,10,5,1050,275,140,0,4,0,1,1,452,421,284,835,1,8,1,12,4,1145,1191,8925,62,78,5,387,32,10680,688,6591,60,66,23,438,66,7932,550,5441,39,47,5,375,44,2220,138,1150,21,19,18,63,22,0,6030,97151,895,732,101,4945,574,122818,290,39440,3430,507,514,3481,28,190,0,0,2,5,2,37,258,2,1,0,12,0,4,106,3,0,1,5,3,24,173,1,0,0,3,2,80,657,11,13,9,45,12,423,4320,30,32,2,289,40,107,757,0,2,0,14,5,312,2715,0,8,0,65,12,917,3017,917,3020,0,0,0,0
2015-16,29,2926,KARNATAKA,MYSORE,1,9,1636,171,554762,14.62,52702.39,1.13,1019,13.27,10.47,82.52,77.91,87.24,4102,39503,26696,168,346,2,1,3,21,5,0,546,140,276,0,1,3,2,5,0,427,28,70,2,0,0,19,0,0,119,0,0,0,0,0,0,0,0,0,138,266,0,1,3,1,4,0,413,141,284,0,1,3,4,5,0,438,21,58,2,0,0,11,0,0,92,168,346,2,1,3,21,5,0,546,168,346,2,1,3,21,5,0,546,4930,45188,710,212,627,7054,718,5606,65045,2555,24141,0,212,627,374,718,1779,30406,2375,21047,710,0,0,6680,0,3827,34639,0,0,0,0,0,0,0,0,0,2503,23086,0,212,627,178,593,1572,28771,1377,15690,710,0,0,3755,0,3158,24690,240,1290,0,5,56,20,46,0,1657,140,668,27,0,0,293,0,0,1128,0,0,0,0,0,0,0,0,0,3,1,0,0,0,0,1,5,38,22,0,0,0,0,0,60,162,340,2,1,3,21,5,534,122,309,2,1,3,20,4,461,146,317,1,0,2,20,5,491,168,346,2,1,3,21,5,546,168,346,2,1,3,21,5,546,168,346,2,1,3,21,5,546,160,343,2,1,3,21,5,535,31,233,2,0,3,21,5,295,51,98,1,1,0,5,1,157,54,99,1,1,1,5,1,162,45,30,1,1,1,7,4,89,140,282,0,0,1,3,3,429,125,262,0,0,1,2,1,391,136,268,0,0,1,2,1,408,146,89,0,0,0,0,0,139,235,140,272,0,0,3,3,0,418,543,2418,16,2,22,222,14,3237,380,1958,27,5,56,313,46,2785,294,1612,27,3,23,247,14,9385,86,346,0,2,33,66,32,0,2429,22535,294,103,200,3219,358,31810,107,8887,1001,117,118,1010,13,66,0,0,10,1,10,20,120,1,1,4,7,0,5,13,0,0,0,2,0,11,32,0,0,0,7,1,55,215,0,2,9,42,19,208,1148,16,2,7,141,10,59,214,0,0,0,2,8,118,677,0,0,0,3,2,422,1182,423,1184,24,26,24,26
2015-16,29,2927,KARNATAKA,CHAMARAJANAGARA,1,5,694,70,2994744,41.35,285998.05,13.39,982,17.88,11.15,72.56,66.59,78.44,6307,222820,138957,1091,1334,20,21,6,127,29,0,2628,958,945,3,10,4,23,24,0,1967,133,389,17,11,2,104,5,0,661,0,0,0,0,0,0,0,0,0,914,808,1,5,3,17,19,0,1767,966,1072,4,13,5,25,24,0,2109,75,133,11,3,1,39,3,0,265,1088,1321,19,15,6,126,24,0,2599,1090,1327,20,21,6,124,29,0,2617,38781,224602,9081,2601,845,50803,4168,26870,357751,28786,119705,2521,751,433,4950,3573,9922,170641,9995,104897,6560,1850,412,45853,595,16948,187110,0,0,0,0,0,0,0,0,0,26710,101962,248,388,372,3622,2535,7542,143379,4741,30589,4570,200,208,16436,287,5400,62431,2087,4785,102,44,51,295,224,0,7588,690,3531,403,58,19,1924,44,0,6669,0,0,0,0,0,0,0,0,0,91,1,0,0,0,0,0,92,159,30,0,1,0,0,0,190,1033,1307,20,20,6,127,29,2542,512,915,20,18,5,117,24,1611,952,1252,19,19,6,118,24,2390,1089,1327,20,21,6,124,29,2616,1075,1320,19,15,6,126,24,2585,1091,1334,20,21,6,127,29,2628,1059,1314,20,21,6,125,29,2574,174,716,20,17,6,121,20,1074,320,437,1,1,2,20,6,787,356,464,1,1,2,23,7,854,202,109,7,8,3,52,26,407,960,1065,1,13,5,23,19,2086,874,924,0,9,5,19,12,1843,902,980,0,10,5,21,13,1931,904,142,0,4,0,3,1,427,1054,954,1023,1,10,0,23,14,2025,2990,10241,289,109,39,1493,112,15273,2777,8316,505,102,70,2219,268,14257,1603,5528,346,78,21,1711,98,2288,1172,2725,156,24,49,483,166,0,19646,110204,4096,1646,393,23522,2108,174562,654,65488,4934,1221,1290,5282,150,440,9,3,6,64,34,237,716,14,10,0,134,20,118,236,5,1,2,31,22,121,354,9,7,0,66,14,749,1599,51,16,15,271,83,897,3051,167,51,7,1010,45,673,1215,0,2,0,42,11,602,1454,0,9,0,68,4,3345,4015,3383,4051,99,49,102,52
2015-16,29,2928,KARNATAKA,BANGALORE U NORTH,1,4,359,59,1020962,17.17,94847.37,5.75,989,25.42,11.78,61.12,54.32,67.88,5648,73751,45606,416,521,0,13,0,3,18,0,971,371,405,0,4,0,1,18,0,799,45,116,0,9,0,2,0,0,172,0,0,0,0,0,0,0,0,0,339,368,0,2,0,1,13,0,723,378,440,0,4,0,1,18,0,841,35,71,0,4,0,1,0,0,111,416,519,0,12,0,3,15,0,965,415,519,0,13,0,3,18,0,968,14037,81920,0,1208,0,1421,2448,8652,109686,10987,52012,0,493,0,225,2448,3211,69376,3050,29908,0,715,0,1196,0,5441,40310,0,0,0,0,0,0,0,0,0,9833,47223,0,278,0,225,1386,2600,61545,2378,12176,0,299,0,369,0,2557,17779,751,2076,0,24,0,15,147,0,3013,188,911,0,35,0,47,0,0,1181,0,0,0,0,0,0,0,0,0,36,2,0,0,0,0,3,41,102,20,0,0,0,0,0,122,324,485,0,13,0,3,16,841,161,320,0,11,0,3,11,506,310,456,0,11,0,3,11,791,414,519,0,13,0,3,18,967,395,515,0,12,0,3,15,940,416,521,0,13,0,3,18,971,370,506,0,12,0,3,18,909,39,231,0,8,0,3,11,292,59,129,0,1,0,1,2,192,72,140,0,1,0,1,3,217,84,41,0,8,0,2,16,151,372,437,0,3,0,1,17,830,293,355,0,2,0,1,3,654,339,386,0,2,0,1,14,742,342,66,0,2,0,0,0,178,410,355,424,0,3,0,1,5,788,1124,3751,0,67,0,37,58,5037,939,2987,0,59,0,62,147,4194,431,1725,0,41,0,38,53,15859,507,1262,0,18,0,24,89,0,6804,39836,0,575,0,684,1325,53355,168,15646,865,315,315,866,182,370,0,6,0,5,34,165,585,0,17,0,7,17,43,82,0,1,0,1,9,22,109,0,2,0,4,4,240,707,0,9,0,9,44,206,860,0,12,0,16,24,104,272,0,0,0,0,5,96,431,0,1,0,0,3,1525,1396,1536,1400,47,22,49,22
2015-16,29,2929,KARNATAKA,CHIKKABALLAPURA,1,6,1203,121,9588910,90.94,988616.62,46.68,908,21.57,5.34,88.48,84.8,,2298,,,433,723,54,5,2,647,7,0,1871,236,259,8,0,1,5,1,0,510,197,464,46,5,1,642,6,0,1361,0,0,0,0,0,0,0,0,0,111,63,1,0,0,0,1,0,176,253,414,8,3,2,15,2,0,697,25,31,4,0,0,55,2,0,117,432,713,54,4,2,646,7,0,1858,433,716,53,5,2,647,6,0,1862,26862,156440,29619,310,266,246533,428,17253,477711,9886,49148,8029,0,237,1991,130,3740,73161,16976,107292,21590,310,29,244542,298,13513,404550,0,0,0,0,0,0,0,0,0,3225,8245,0,0,0,0,130,525,12125,2732,6544,1786,0,0,21016,87,518,32683,591,1881,330,0,18,86,10,0,2916,950,3967,752,24,4,10229,23,0,15949,0,0,0,0,0,0,0,0,0,20,1,0,0,0,3,0,24,28,10,1,1,0,2,0,42,379,692,50,5,2,631,7,1766,195,506,38,5,2,533,6,1285,371,634,50,5,2,611,6,1679,433,716,53,5,2,647,6,1862,432,713,54,4,2,646,7,1858,433,723,54,5,2,647,7,1871,433,723,54,5,2,647,7,1871,183,544,44,2,1,627,5,1406,134,117,22,0,0,61,3,337,142,145,22,0,0,84,3,396,207,190,29,1,0,216,5,648,251,409,4,3,1,12,2,682,1,5,0,0,0,0,0,6,1,10,1,0,0,0,0,12,268,95,6,4,1,18,5,369,397,218,343,3,2,1,9,0,576,2010,6980,978,28,12,9823,38,19869,1541,5848,1082,24,22,10315,33,18865,1306,4981,898,19,6,8625,24,3499,235,867,184,5,16,1690,9,0,12836,78697,14001,174,101,115774,233,230550,1067,93486,11414,2082,2430,13519,24,120,19,1,2,99,1,98,358,19,0,0,266,1,10,38,6,0,1,38,1,21,131,25,0,0,142,1,85,262,49,2,4,478,3,470,1787,157,8,0,2453,10,14,48,0,0,1,5,0,83,255,0,0,0,25,0,539,2245,574,2331,2,9,2,9
2015-16,29,2930,KARNATAKA,BELGAUM CHIKKODI,1,8,687,164,1254377,22.26,124685.07,9.17,968,24.9,12.47,70.08,61.55,78.36,4244,99317,60933,1012,716,0,9,1,47,20,0,1805,961,522,0,5,1,3,17,0,1509,49,191,0,4,0,44,3,0,291,2,3,0,0,0,0,0,0,5,923,476,0,5,1,3,12,0,1420,962,572,0,6,1,3,18,0,1562,30,106,0,2,0,26,2,0,166,1012,711,0,5,1,47,15,0,1791,1010,709,0,8,1,47,19,0,1794,24738,95548,0,1162,233,16778,2839,9583,150881,21222,47639,0,721,233,472,2436,3904,76627,3437,47859,0,441,0,16306,403,5679,74125,79,50,0,0,0,0,0,0,129,19588,41059,0,721,233,472,1567,2635,66275,2301,23480,0,199,0,10240,151,3137,39508,1704,2278,0,18,21,38,140,0,4199,270,1601,0,19,0,546,16,0,2452,5,6,0,0,0,0,0,0,11,101,2,0,0,0,1,2,106,240,20,0,1,0,0,0,261,876,674,0,9,1,47,20,1627,407,466,0,7,1,45,15,941,685,594,0,9,1,42,18,1349,1010,709,0,8,1,47,19,1794,1005,711,0,5,1,47,15,1784,1012,716,0,9,1,47,20,1805,978,701,0,9,1,46,19,1754,64,321,0,8,1,44,13,451,115,123,0,1,0,3,2,244,199,165,0,2,0,5,5,376,126,69,0,5,0,29,16,245,960,565,0,5,1,3,15,1549,831,504,0,4,1,3,9,1352,904,535,0,4,1,3,11,1458,947,174,0,1,0,3,2,244,1127,941,536,0,6,1,3,5,1492,2450,5233,0,45,2,507,99,8336,1979,3885,0,37,21,584,156,6662,852,2178,0,25,9,381,54,5628,1127,1707,0,12,12,203,102,0,12702,46384,0,685,104,7201,1514,73091,286,21881,1521,791,829,1623,185,233,0,2,1,25,27,127,222,0,0,1,32,7,133,171,0,3,2,13,12,78,151,0,1,0,24,5,663,947,0,4,5,103,53,500,1209,0,20,2,234,37,694,806,0,0,0,34,35,374,744,0,5,0,24,16,2307,1862,2323,1876,0,0,0,0
2015-16,29,2931,KARNATAKA,TUMKUR MADHUGIRI,1,4,832,102,,,,,,,,,,,0,,,969,1418,1,28,2,60,44,0,2522,785,1029,0,4,2,24,26,0,1870,184,389,1,24,0,36,18,0,652,0,0,0,0,0,0,0,0,0,736,926,0,3,1,24,22,0,1712,799,1165,0,8,2,26,34,0,2034,141,306,0,16,0,13,8,0,484,965,1354,1,25,2,60,40,0,2447,968,1363,1,28,2,60,43,0,2465,47974,290145,626,2286,867,24431,8086,30914,405329,29059,182063,0,413,867,7854,4043,10597,234896,18915,108082,626,1873,0,16577,4043,20317,170433,0,0,0,0,0,0,0,0,0,26812,162182,0,293,230,7854,3449,9688,210508,13746,83650,0,922,0,5693,1589,15193,120793,1428,5749,0,10,52,293,219,0,7751,765,2882,32,84,0,545,232,0,4540,0,0,0,0,0,0,0,0,0,50,2,0,2,0,0,3,57,227,25,0,0,0,0,0,252,837,1358,1,25,2,60,43,2326,723,1218,1,24,2,56,39,2063,551,1120,1,26,2,52,36,1788,967,1363,1,28,2,60,43,2464,965,1354,1,25,2,60,40,2447,969,1418,1,28,2,60,44,2522,707,1304,1,28,2,58,44,2144,100,444,1,16,1,45,38,645,277,422,0,11,0,14,3,727,290,430,0,12,0,16,4,752,436,196,0,17,0,21,29,699,793,1150,0,6,2,26,31,2008,396,708,0,2,2,16,10,1134,439,762,0,3,2,19,10,1235,662,95,0,11,0,0,1,326,769,722,1052,0,5,1,25,22,1827,2908,10833,16,111,22,649,242,14781,2193,8631,32,94,52,838,451,12291,993,3979,22,53,22,413,146,2388,1200,4652,10,41,30,425,305,0,22784,141521,250,1043,354,10446,3384,194434,533,49030,2320,2048,2128,2412,257,894,0,6,4,62,43,181,702,2,5,1,46,28,79,256,1,1,0,8,14,71,182,2,3,1,11,5,562,1939,4,22,20,183,112,451,1500,5,23,14,124,53,414,1549,0,2,0,84,21,227,1092,0,1,0,51,9,4501,3195,4529,3212,6,4,6,4
2015-16,29,2932,KARNATAKA,RAMANAGARA,1,4,779,106,,,,,,,,,,,0,,,824,595,0,4,1,21,16,0,1461,785,526,0,4,1,2,15,0,1333,39,69,0,0,0,19,1,0,128,0,0,0,0,0,0,0,0,0,761,498,0,1,1,2,11,0,1274,785,535,0,4,1,2,15,0,1342,32,33,0,0,0,9,0,0,74,824,593,0,3,1,21,12,0,1454,823,593,0,4,1,21,16,0,1458,20612,67718,0,339,79,8896,2426,10641,110711,18155,51313,0,339,79,310,2305,4564,77065,2457,16405,0,0,0,8586,121,6077,33646,0,0,0,0,0,0,0,0,0,17031,46501,0,9,79,310,1619,3505,69054,2066,6397,0,0,0,3254,0,4084,15801,1375,2219,0,12,4,27,110,0,3747,192,600,0,0,0,298,20,0,1110,0,0,0,0,0,0,0,0,0,96,0,0,0,1,0,2,99,197,18,0,0,0,0,0,215,741,558,0,4,1,20,16,1340,400,400,0,3,1,19,13,836,661,552,0,4,0,18,14,1249,823,593,0,4,1,21,16,1458,824,593,0,3,1,21,12,1454,824,595,0,4,1,21,16,1461,796,585,0,4,1,21,16,1423,54,209,0,2,0,19,13,297,198,231,0,2,1,5,2,439,227,241,0,2,1,5,2,478,115,21,0,1,1,14,14,166,741,535,0,3,0,2,2,1283,695,525,0,3,0,2,0,1225,714,534,0,3,0,2,0,1253,754,77,0,2,0,0,0,212,833,759,530,0,4,1,2,9,1305,1850,3673,0,18,1,231,76,5849,1567,2819,0,12,4,325,130,4857,684,1461,0,10,0,185,48,3338,883,1358,0,2,4,140,82,0,10299,33124,0,237,36,3579,1392,53868,150,10975,751,357,357,753,188,298,0,0,2,22,15,122,242,0,2,0,17,5,83,147,0,1,1,18,9,63,125,0,0,0,17,1,566,832,0,1,1,71,46,433,941,0,8,0,101,33,614,870,0,2,0,16,24,416,765,0,3,0,4,17,2099,1623,2101,1624,11,11,11,11
2015-16,29,2933,KARNATAKA,YADAGIRI,1,3,589,76,1082739,24.6,101560.92,5.06,976,18.83,2.12,69.2,61.3,76.92,3516,78988,48494,935,590,2,9,0,27,22,0,1585,904,444,0,4,0,3,22,0,1377,31,145,2,5,0,24,0,0,207,0,1,0,0,0,0,0,0,1,861,396,0,1,0,1,15,0,1274,905,466,0,6,0,3,22,0,1402,25,61,2,5,0,17,0,0,110,935,589,2,7,0,27,19,0,1579,935,587,2,8,0,27,22,0,1581,20030,73983,278,717,0,8191,2831,11044,117074,17780,36622,0,392,0,502,2831,4031,62158,2250,37361,278,325,0,7689,0,7013,54916,0,0,0,0,0,0,0,0,0,16054,29900,0,96,0,193,2013,2905,51161,1621,14050,278,325,0,5024,0,4163,25461,1550,1807,0,23,0,42,173,0,3595,173,1306,17,10,0,345,0,0,1851,0,10,0,0,0,0,0,0,10,185,0,0,0,0,2,5,192,257,23,0,0,0,0,0,280,861,574,2,9,0,27,22,1495,305,382,2,9,0,25,18,741,638,497,2,8,0,23,20,1188,934,587,2,8,0,27,22,1580,934,589,2,7,0,27,19,1578,934,590,2,9,0,27,22,1584,934,590,2,9,0,27,22,1584,74,325,2,4,0,26,20,451,107,67,0,0,0,2,2,178,184,94,0,0,0,4,3,285,70,61,1,3,0,18,17,170,893,464,0,5,0,3,14,1379,807,433,0,3,0,2,11,1256,853,448,0,5,0,3,12,1321,875,160,0,2,0,0,1,229,1038,885,454,0,6,0,3,5,1353,2056,4207,18,44,0,301,61,6687,1723,3123,17,33,0,387,173,5456,918,2054,11,25,0,270,60,2466,802,1069,6,8,0,117,112,0,10066,36137,78,362,0,3534,1329,56863,225,19940,1415,412,415,1436,125,174,0,3,0,9,20,120,251,0,2,0,31,8,39,76,0,1,0,5,4,46,67,1,0,0,12,3,597,709,5,4,0,84,76,657,1413,9,18,0,184,45,579,624,4,4,0,11,19,549,830,9,13,0,19,11,1667,1878,1670,1885,23,11,23,13
2015-16,29,2934,KARNATAKA,UTTARA KANNADA SIRSI,1,6,782,96,1172985,18.8,185683.53,22.67,984,23.28,12.51,52.36,41.31,63.33,5270,146248,81921,651,574,1,7,1,13,18,0,1265,465,454,0,3,1,9,17,0,949,186,120,1,4,0,4,1,0,316,0,0,0,0,0,0,0,0,0,425,404,0,3,1,9,14,0,856,467,484,0,3,1,10,17,0,982,116,49,0,2,0,0,0,0,167,648,570,1,4,1,13,15,0,1252,651,570,1,7,1,13,18,0,1261,46163,154116,854,696,224,5654,2962,10285,220954,30275,120939,0,443,224,3829,2743,7298,165751,15888,33177,854,253,0,1825,219,2987,55203,0,0,0,0,0,0,0,0,0,27675,109490,0,443,224,3829,2173,5561,149395,10159,12183,0,81,0,0,0,848,23271,951,2527,0,9,17,119,141,0,3764,726,944,13,20,0,36,12,0,1751,0,0,0,0,0,0,0,0,0,11,1,0,0,0,1,2,15,101,13,0,0,0,0,0,114,499,518,1,4,1,10,14,1047,310,346,1,7,1,12,13,690,276,376,0,5,1,10,12,680,636,570,1,7,1,13,18,1246,616,567,1,4,1,13,15,1217,650,574,1,7,1,13,18,1264,572,542,1,7,1,13,18,1154,54,173,1,4,1,7,12,252,153,115,0,1,0,1,2,272,167,121,0,1,0,2,5,296,371,74,1,6,0,4,15,471,466,477,0,3,1,10,15,972,315,360,0,1,0,6,6,688,358,390,0,1,0,8,6,763,276,12,0,2,0,1,0,156,291,430,429,0,3,1,9,1,873,2197,4644,12,28,7,120,58,7066,1677,3471,13,29,17,155,153,5515,781,1546,11,22,5,62,39,2338,896,1925,2,7,12,93,114,0,21471,73426,376,567,78,2555,1423,104259,130,10185,1077,636,652,1099,169,311,0,0,1,12,20,90,165,0,2,1,10,11,58,106,0,0,4,7,9,51,83,0,0,1,7,2,603,1313,2,7,1,69,79,541,1112,7,18,2,36,21,184,407,0,0,0,0,7,79,232,0,0,0,0,0,2380,1365,2385,1367,12,0,12,0
