Year,DISTCD,STATNAME,DISTNAME,C1_B,C2_B,C3_B,C4_B,C5_B,C6_B,C7_B,C8_B,C9_B,C1_G,C2_G,C3_G,C4_G,C5_G,C6_G,C7_G,C8_G,C9_G,C15A,C68A,C1_BD,C2_BD,C3_BD,C4_BD,C5_BD,C6_BD,C7_BD,C8_BD,C1_GD,C2_GD,C3_GD,C4_GD,C5_GD,C6_GD,C7_GD,C8_GD,C1_BR,C2_BR,C3_BR,C4_BR,C5_BR,C6_BR,C7_BR,C8_BR,C9_BR,C1_GR,C2_GR,C3_GR,C4_GR,C5_GR,C6_GR,C7_GR,C8_GR,C9_GR,SCPTOT,SCPTOT_G,SCUTOT,SCUTOT_G,STPTOT,STPTOT_G,STUTOT,STUTOT_G,OBPTOT,OBUTOT,OBPTOT_G,OBUTOT_G,MUPTOT,MUUTOT,MUPTOT_G,MUUTOT_G,BLC1,LVC1,HEC1,SPC1,LOC1,MEC1,LEC1,CPC1,AUC1,MUC1,BLC2,LVC2,HEC2,SPC2,LOC2,MEC2,LEC2,CPC2,AUC2,MUC2,BLC3,LVC3,HEC3,SPC3,LOC3,MEC3,LEC3,CPC3,AUC3,MUC3,BLC4,LVC4,HEC4,SPC4,LOC4,MEC4,LEC4,CPC4,AUC4,MUC4,BLC5,LVC5,HEC5,SPC5,LOC5,MEC5,LEC5,CPC5,AUC5,MUC5,BLC6,LVC6,HEC6,SPC6,LOC6,MEC6,LEC6,CPC6,AUC6,MUC6,BLC7,LVC7,HEC7,SPC7,LOC7,MEC7,LEC7,CPC7,AUC7,MUC7,BLC8,LVC8,HEC8,SPC8,LOC8,MEC8,LEC8,CPC8,AUC8,MUC8,TOTCLGD1G,TOTCLGD2G,TOTCLGD3G,TOTCLGD4G,TOTCLGD5G,TOTCLGD6G,TOTCLGD7G,TOTCLMI1G,TOTCLMI2G,TOTCLMI3G,TOTCLMI4G,TOTCLMI5G,TOTCLMI6G,TOTCLMI7G,TOTCLMJ1G,TOTCLMJ2G,TOTCLMJ3G,TOTCLMJ4G,TOTCLMJ5G,TOTCLMJ6G,TOTCLMJ7G,TOTCLOT1G,TOTCLOT2G,TOTCLOT3G,TOTCLOT4G,TOTCLOT5G,TOTCLOT6G,TOTCLOT7G,TCHBS1,TCHBS2,TCHBS3,TCHBS4,TCHBS5,TCHBS6,TCHBS7,TCHSEC1,TCHSEC2,TCHSEC3,TCHSEC4,TCHSEC5,TCHSEC6,TCHSEC7,TCHHS1,TCHHS2,TCHHS3,TCHHS4,TCHHS5,TCHHS6,TCHHS7,TCHGD1,TCHGD2,TCHGD3,TCHGD4,TCHGD5,TCHGD6,TCHGD7,TCHPG1,TCHPG2,TCHPG3,TCHPG4,TCHPG5,TCHPG6,TCHPG7,TCHMD1,TCHMD2,TCHMD3,TCHMD4,TCHMD5,TCHMD6,TCHMD7,TCHPD1,TCHPD2,TCHPD3,TCHPD4,TCHPD5,TCHPD6,TCHPD7,TCHNR1,TCHNR2,TCHNR3,TCHNR4,TCHNR5,TCHNR6,TCHNR7,TCHCON1,TCHCON2,TCHCON3,TCHCON4,TCHCON5,TCHCON67,TCHCON8,TCHCON9,TCHM1,TCHM2,TCHM3,TCHM4,TCHM5,TCHM6,TCHM7,TCHF1,TCHF2,TCHF3,TCHF4,TCHF5,TCHF6,TCHF7,TCHN1,TCHN2,TCHN3,TCHN4,TCHN5,TCHN6,TCHN7,TCHCM1,TCHCM2,TCHCM3,TCHCM4,TCHCM5,TCHCM6,TCHCM7,TCHCF1,TCHCF2,TCHCF3,TCHCF4,TCHCF5,TCHCF6,TCHCF7,TCHCN1,TCHCN2,TCHCN3,TCHCN4,TCHCN5,TCHCN6,TCHCN7,TLM_R1,TLM_R2,TLM_R3,TLM_R4,TLM_R5,TLM_R6,TLM_R7,TLME,TLMR,CONTIE,CONTIR,CONTI_R1,CONTI_R2,CONTI_R3,CONTI_R4,CONTI_R5,CONTI_R6,CONTI_R7,PIDAY30,PIDAYSCH,UIDAY35,UIDAYSCH,M1,M2,M3,M4,M5,ENRE11,ENRE12,ENRE13,ENRE14,ENRE15,ENRE16,ENRE17,ENRE21,ENRE22,ENRE23,ENRE24,ENRE25,ENRE26,ENRE27,ENRE31,ENRE32,ENRE33,ENRE34,ENRE35,ENRE36,ENRE37,ENRE41,ENRE42,ENRE43,ENRE44,ENRE45,ENRE46,ENRE47,ENRE51,ENRE52,ENRE53,ENRE54,ENRE55,ENRE56,ENRE57,TCH_5556M,TCH_5556F,TCH_5556T,TCH_5758M,TCH_5758F,TCH_5758T,TCH_5960M,TCH_5960F,TCH_5960T,PPTR30,UPTR35,PSCR30,USCR35,NOTCH_ASS,TCHINV,PTXT_ALL,PTXT_SC,PTXT_ST,PUNI_ALL,PUNI_SC,PUNI_ST,UTXT_ALL,UTXT_SC,UTXT_ST,UUNI_ALL,UUNI_SC,UUNI_ST,TOTCLS1G,TOTCLS2G,TOTCLS3G,TOTCLS4G,TOTCLS5G,TOTCLS6G,TOTCLS7G
2015-16,2901,KARNATAKA,BELGAUM,21064,20480,20282,19981,19819,19285,18707,19513,18661,19731,19458,19086,19623,18603,18119,17635,18109,16995,190169,91794,190,180,277,278,244,257,295,253,131,154,218,178,193,203,189,170,0,0,0,0,0,0,0,0,47,0,0,0,0,0,0,0,0,30,19953,9799,11020,5405,17382,8551,8977,4288,93681,48932,46434,24592,25436,13568,12755,6870,7,22,35,25,59,75,6,14,9,69,6,36,56,28,74,73,5,5,6,45,8,43,61,53,126,106,3,0,4,91,16,47,45,40,94,142,8,5,2,57,12,68,41,44,124,70,8,11,3,56,5,57,67,57,135,80,9,4,1,45,7,82,51,63,132,80,9,5,7,48,6,75,51,38,122,72,17,3,2,37,1845,6622,81,130,18,410,147,237,1158,0,0,0,10,0,166,850,0,0,0,4,0,335,871,2,38,5,73,19,56,203,0,12,0,36,0,854,3355,30,39,66,340,143,784,2766,10,18,0,120,10,216,797,21,16,0,104,46,48,288,49,6,0,76,36,19,58,5,4,0,10,9,0,0,0,0,0,0,1,0,0,0,0,0,0,0,0,27,24,13,0,0,0,0,959,3384,63,29,23,275,173,1018,4083,52,66,43,411,72,0,0,0,0,0,0,0,6,14,4,1,0,0,0,5,28,0,6,0,0,0,0,0,0,0,0,0,0,0,0,0,0,0,0,0,0,0,13468958,13799052,583,839,0,12,0,8,10,415104,1788,259682,1118,5,19,10,18,4,25989,149561,0,1649,0,6345,1811,3952,24826,3558,1732,455,9946,2352,3697,31194,0,826,0,810,0,2401,11545,0,0,0,105,0,0,0,0,0,151,0,0,157,175,332,112,122,234,11,21,32,240,37,383,222,0,0,103500,13315,12449,92551,11926,11112,84772,10026,8790,73767,8841,7799,2248,8630,81,130,18,424,147
2015-16,2902,KARNATAKA,BAGALKOT,22370,21690,21052,21206,20668,19316,18614,18675,17403,20313,20184,20439,20334,18849,18345,17801,17212,15536,195895,92624,265,291,301,371,276,285,258,164,203,217,240,267,217,211,195,92,6,1,2,4,2,1,1,22,40,6,3,2,1,3,4,1,12,14,41338,20190,20875,9987,11424,5558,5676,2825,149078,78078,72060,38158,24596,12869,11983,6305,35,25,16,93,109,91,7,4,6,82,20,33,29,78,116,102,18,6,4,102,20,36,29,72,153,119,16,1,6,89,30,46,42,98,134,148,27,2,5,106,25,41,36,74,122,113,19,3,0,60,20,60,42,59,131,114,12,4,1,53,32,67,29,61,114,90,18,0,1,41,19,41,27,33,58,40,17,0,3,18,2074,6723,58,96,43,745,115,188,931,0,0,0,32,7,114,801,0,0,0,25,0,425,849,32,12,16,222,61,290,1159,2,14,7,109,36,209,828,5,13,0,52,16,897,3366,11,43,41,382,27,301,1016,48,25,5,357,98,63,232,18,6,14,146,51,14,104,3,0,3,20,7,2,7,0,0,0,0,0,0,0,0,0,0,0,0,16,0,3,1,0,1,0,0,958,3699,36,47,55,570,145,818,3013,51,54,15,496,90,0,0,0,0,0,0,0,0,12,0,0,0,0,1,0,8,0,0,0,0,0,0,0,0,0,0,0,0,1,6,0,0,0,0,0,215647,227539,12212775,12695625,450,754,1,0,0,33,1,408259,1756,268182,1152,5,19,18,10,0,34864,204752,390,846,1498,15918,762,570,7565,1370,1428,236,9631,3557,1925,9616,0,0,0,990,0,0,196,0,0,0,0,0,0,0,0,0,0,0,0,112,60,172,50,23,73,0,0,0,342,48,423,271,71,7,114197,29233,7222,96096,25221,6364,92656,20201,7123,81769,18640,6628,2376,8455,58,96,43,802,122
2015-16,2903,KARNATAKA,BIJAPUR (KARNATAKA),30760,28764,27539,26010,25137,23143,21966,20403,19419,27553,26230,26431,24822,22244,20937,20063,18365,16296,246993,99053,360,277,327,343,356,274,290,195,222,204,298,273,230,217,188,157,0,0,0,0,1,0,0,1,1,2,0,0,0,0,0,0,3,1,60086,29087,27929,12927,3954,1911,1954,920,192792,90155,92372,43277,46489,22538,22745,11080,20,52,61,77,96,134,21,11,10,100,15,48,55,69,103,109,10,4,4,64,18,73,83,81,115,140,18,12,7,78,13,61,65,77,147,116,35,6,10,86,2,94,72,76,120,114,41,7,4,56,4,104,61,50,92,115,22,3,1,39,5,91,69,48,104,92,17,2,2,48,1,83,57,40,87,47,12,2,0,23,3858,8201,55,147,68,672,131,332,1108,0,1,0,16,8,157,1072,0,0,0,47,0,350,352,0,19,12,115,49,1351,2341,10,47,3,243,84,379,977,3,11,6,53,14,1656,4129,9,46,27,266,56,284,648,0,25,0,131,52,78,278,19,11,0,90,63,34,84,0,0,0,18,5,0,0,0,0,0,0,0,0,0,0,0,0,2,0,0,0,0,0,0,0,0,0,2089,4810,28,73,35,468,180,1693,3647,13,67,1,333,94,0,0,0,0,0,2,0,0,0,0,0,0,0,0,0,0,0,0,0,0,0,0,0,0,0,0,0,0,4,5,0,0,0,0,0,166589,495451,13841606,14365396,696,837,0,1,0,26,7,618853,2665,332622,1432,5,18,19,10,0,64822,238419,519,656,0,16674,1229,6433,20022,0,40,0,1464,136,999,4294,1026,2111,268,3935,3980,147,230,0,0,0,123,0,0,0,0,0,0,0,0,180,58,238,91,44,135,10,5,15,405,39,580,268,69,14,130700,33865,2361,125261,31560,2253,79352,18140,1478,71768,16881,1353,4347,10378,55,148,68,735,139
2015-16,2904,KARNATAKA,GULBARGA,33778,32958,32320,31462,30580,27999,26852,24580,21790,31849,31153,30909,29836,27373,25471,24693,21919,18688,299771,133756,280,348,458,492,589,470,521,306,202,246,372,360,444,337,418,226,561,517,444,442,453,279,353,388,357,483,488,501,460,363,233,222,159,124,86037,41857,39488,18118,6547,3021,2971,1402,208477,102622,101191,49564,69537,34320,34501,17438,37,53,30,79,107,101,14,4,0,57,15,106,41,97,114,133,27,10,3,48,29,146,68,113,165,194,26,5,2,82,34,131,66,131,160,194,28,18,7,83,36,200,73,152,215,196,38,15,9,99,39,185,56,111,158,139,38,8,8,65,35,276,79,132,222,90,41,1,0,63,35,202,57,65,82,44,25,3,2,17,4047,10296,71,130,6,1169,225,306,1149,0,0,0,45,6,222,997,0,0,0,66,0,677,1265,8,11,5,325,100,894,1876,5,27,0,264,81,465,1375,0,8,8,116,29,1380,3977,10,36,0,309,77,387,1036,24,14,0,217,88,71,253,2,2,0,77,55,44,268,0,0,0,35,12,9,4,0,0,0,0,0,83,47,0,0,0,28,12,274,275,772,338,69,30,2,15,1522,4019,27,31,5,385,232,1755,4799,14,56,3,640,122,56,18,0,0,0,21,0,48,145,1,6,0,82,18,325,638,7,21,0,468,15,1,0,0,0,0,0,0,34,40,0,0,0,2,0,257376,378336,13488721,14985233,709,858,1,4,1,41,10,646952,2815,382325,1661,5,18,19,10,4,63764,255409,291,822,0,20130,2791,7818,35250,0,0,0,8045,267,343,20002,3286,1062,238,16162,3370,20,1498,0,0,0,0,25,0,519,0,0,0,0,0,189,187,376,101,141,242,3,16,19,562,65,637,360,1431,44,128382,48065,2577,104085,40149,2248,125156,37275,2733,106323,31934,2345,4575,12442,71,130,6,1271,231
2015-16,2905,KARNATAKA,BIDAR,22089,20657,20266,19757,19015,17187,16670,15354,14564,20786,19769,19348,19027,17852,16525,15795,15049,14004,198276,84567,211,368,402,397,378,308,229,83,199,332,346,331,324,231,169,82,13,10,3,2,4,3,1,60,90,19,3,2,3,5,5,2,58,80,53067,26058,24822,11802,29238,14363,14743,7398,94802,45678,46434,22907,44020,21582,22002,11147,26,66,23,49,62,54,89,7,0,34,11,92,55,86,87,70,233,3,2,61,17,60,60,86,101,112,219,7,5,81,19,60,41,73,116,99,214,11,6,89,17,51,40,100,113,104,175,7,6,89,17,38,30,61,88,90,122,11,4,78,23,43,19,33,67,69,80,8,2,54,9,19,7,20,48,23,18,7,0,14,2980,7937,0,36,16,744,118,223,1016,0,2,0,38,6,97,610,0,0,0,14,0,139,376,0,0,0,29,0,58,112,0,0,1,11,1,639,1821,0,3,1,56,26,1419,4855,0,21,8,374,129,160,474,0,5,0,120,35,22,85,0,0,5,18,5,9,122,0,2,0,51,4,1,0,0,0,0,0,0,0,0,0,0,0,0,0,0,0,0,0,0,0,0,0,1023,3799,0,9,12,276,141,1285,3670,0,22,3,354,59,0,0,0,0,0,0,0,0,0,0,0,0,0,0,0,0,0,0,0,0,0,0,0,0,0,0,0,0,2,0,0,0,0,0,0,12450,12450,14108986,14221543,540,915,0,4,1,19,21,483913,2078,288579,1240,5,18,10,19,4,33178,149392,0,668,0,5131,1198,7696,30424,0,0,0,3022,0,2474,21075,0,0,0,829,0,257,6913,0,21,281,12338,2649,0,96,0,0,0,0,0,164,135,299,77,54,131,0,0,0,296,32,343,186,31,30,86390,28870,15428,70801,24968,13406,83998,26618,15466,64702,21260,12830,3291,9544,0,38,16,796,124
2015-16,2906,KARNATAKA,RAICHUR,23673,22687,21990,21601,20879,19569,18936,17517,15053,22366,21786,20796,20229,18558,17786,17408,15692,12464,203934,86588,263,268,281,330,264,222,222,153,185,192,213,229,192,154,160,100,75,64,73,77,80,96,88,60,28,61,53,63,69,72,66,55,39,12,47939,23054,23534,10820,43597,21069,20638,9712,114735,58105,55763,28099,29367,15645,14657,7790,33,33,22,96,92,84,31,2,3,52,40,35,30,78,104,78,37,2,3,53,25,31,34,80,116,88,32,12,3,73,28,44,36,101,114,101,41,5,6,83,16,41,38,61,99,112,24,3,5,57,20,30,19,58,91,68,24,7,3,56,28,42,27,53,83,85,17,5,2,40,19,27,22,29,57,53,16,5,2,23,2659,5830,17,52,14,1012,235,288,787,0,13,1,60,13,189,779,0,0,0,33,10,505,1059,28,16,14,249,132,67,57,0,0,0,8,0,166,439,0,2,0,65,14,1768,4820,7,25,1,596,31,418,943,16,6,18,613,175,52,145,4,0,10,91,59,12,11,0,0,0,7,1,0,1,0,0,0,1,0,0,0,0,0,0,0,0,0,1,61,23,0,1,0,0,1284,3118,13,2,24,556,184,1199,3298,14,31,5,825,96,0,0,0,0,0,0,0,16,11,0,0,0,4,2,34,13,0,0,0,2,4,0,0,0,0,0,0,0,2,3,0,0,0,0,0,12000,13000,14130358,16741837,717,792,0,6,1,38,33,452279,1962,253544,1100,5,19,18,17,4,52947,191142,205,705,0,29279,3360,992,7084,309,168,431,6299,2813,1665,5814,0,68,0,1990,165,257,659,0,0,0,43,0,0,435,0,0,0,0,0,84,72,156,52,53,105,0,1,1,442,44,572,318,31,10,81928,22697,23162,58377,15638,17705,96559,26351,23615,80220,22482,19918,3136,7396,17,65,15,1105,258
2015-16,2907,KARNATAKA,KOPPAL,16557,15668,15581,14917,14649,13939,13646,13732,11827,15503,14889,14879,14478,13183,13091,12912,12521,10244,145291,70398,230,248,205,261,248,200,179,162,133,190,169,150,161,170,173,118,130,89,86,102,97,82,96,123,322,110,80,83,66,81,67,51,97,172,31314,15200,16140,7639,19154,9470,10425,5152,96134,50676,46582,24580,16810,8919,8163,4481,18,26,20,50,82,100,5,8,1,53,18,30,26,62,100,126,12,18,1,45,7,25,20,55,85,105,9,17,2,49,19,35,34,56,83,108,9,15,3,49,10,48,32,52,106,76,13,16,0,56,18,34,27,47,113,75,14,8,3,31,18,48,39,47,93,63,12,5,2,25,20,47,20,38,78,44,8,4,1,20,1555,4254,52,28,0,530,183,158,502,0,0,0,27,3,137,683,0,0,0,30,2,192,479,15,3,0,48,38,228,562,34,5,0,55,25,133,483,6,1,0,14,9,633,2332,3,8,0,155,68,127,480,0,5,0,127,66,40,179,2,2,0,38,55,2,26,2,1,0,11,5,0,0,0,0,0,0,0,2,1,0,0,0,1,0,505,163,706,239,59,5,0,3,643,2370,27,9,0,232,152,521,1693,20,13,0,169,76,1,0,0,0,0,0,0,159,283,35,0,0,139,44,344,440,39,0,0,155,39,3,0,0,0,0,0,0,2,2,0,1,0,0,0,173100,173105,8861252,9302100,355,473,0,1,0,18,3,288014,1271,175124,773,5,19,18,17,0,33386,150954,204,527,0,11910,3251,80,5012,1842,142,0,5658,2594,928,2460,0,88,0,411,0,18,415,0,0,0,0,0,0,0,0,0,0,0,0,70,24,94,33,20,53,2,0,2,254,21,424,221,0,0,59689,15453,9234,55914,14195,8511,104255,24249,15681,99638,23243,15291,1850,5439,52,28,0,587,188
2015-16,2908,KARNATAKA,GADAG,11009,10319,10028,10102,9643,8767,9091,9614,9180,10255,9737,9662,9881,8915,8493,8527,8933,8292,92845,42725,194,211,220,303,288,240,239,260,118,179,162,187,193,235,214,187,113,129,106,118,125,101,95,68,85,142,139,104,103,118,109,51,36,54,19469,9531,9804,4742,5851,2863,3238,1585,69823,36985,34012,18150,13964,7496,6949,3807,14,34,28,41,84,48,5,2,0,56,11,50,36,44,98,89,12,1,2,47,13,37,38,44,101,69,27,1,1,51,12,87,46,51,117,101,22,1,2,51,10,90,59,43,97,100,22,1,0,59,11,112,66,42,93,89,28,2,0,32,1,106,61,40,82,86,28,1,1,47,4,162,83,38,74,49,13,0,1,23,1021,3471,0,89,43,420,91,87,526,0,0,0,51,3,58,562,0,0,0,28,1,162,622,0,4,0,138,62,11,25,0,2,0,4,1,158,504,0,6,22,49,20,537,2178,0,37,39,271,47,158,542,0,9,20,234,46,29,172,0,4,13,160,36,13,30,0,0,0,27,1,0,0,0,0,0,0,0,2,1,0,0,0,0,0,4,5,47,15,1,0,0,0,377,1801,0,25,70,397,102,529,1650,0,33,24,348,49,2,1,0,0,0,0,0,6,9,0,8,0,0,7,23,16,0,2,0,0,1,0,0,0,0,0,0,0,61,191,0,0,0,16,1,4937501,5332665,6708793,7173727,156,345,0,0,0,26,2,190105,826,136380,593,5,19,18,10,17,17277,89379,0,495,555,9413,590,344,9237,0,1093,106,5822,1889,1143,4537,0,0,0,0,0,0,30,0,0,0,0,0,0,17,0,0,0,0,0,84,45,129,51,28,79,0,0,0,112,21,147,91,8,2,66023,15722,4848,60172,14752,4535,40503,8434,3023,36087,7638,2776,1166,4559,0,89,43,499,95
2015-16,2909,KARNATAKA,DHARWAD,17842,17174,17121,17048,16507,16031,15861,16435,16040,16775,16652,16099,16589,15357,15287,15146,15399,14742,154735,78704,233,218,243,271,257,250,220,193,152,153,195,207,180,214,209,142,175,152,142,187,139,218,170,185,319,187,194,167,235,178,205,168,72,122,18200,8856,10232,4899,8712,4163,4794,2338,113193,62311,55920,30706,37971,20006,19034,10250,17,25,23,34,87,78,29,11,2,79,14,41,24,38,72,82,35,7,4,54,22,60,35,46,69,124,46,8,2,26,25,67,22,59,86,107,58,6,1,47,19,81,41,49,78,93,27,12,2,35,19,109,41,47,82,100,30,8,0,28,23,120,49,36,71,76,24,4,1,25,29,100,32,23,61,54,22,3,0,11,1274,5278,62,28,17,1657,72,95,593,5,0,3,30,1,71,685,0,0,0,30,1,205,636,10,2,7,280,43,122,489,12,1,8,156,12,125,580,10,1,0,90,0,491,2029,16,6,9,485,18,329,1917,32,7,25,1246,93,59,289,36,2,8,121,48,12,61,3,1,5,39,13,0,2,0,0,0,0,0,0,0,0,0,0,0,0,0,0,0,0,0,0,0,0,323,1907,63,3,37,591,104,815,3460,46,15,18,1546,80,0,0,0,0,0,0,0,0,0,0,0,0,0,0,0,0,0,0,0,0,0,0,0,0,0,0,0,0,3,2,0,0,0,1,0,47386,47386,6658366,7903300,233,589,2,3,1,40,15,276616,1197,200817,869,5,19,18,4,17,17351,129995,608,308,310,19381,525,2724,7987,1347,74,386,37316,2780,2450,19762,0,0,0,2074,0,24,225,0,0,0,1447,0,0,107,0,0,0,0,0,160,358,518,19,36,55,0,0,0,151,35,287,183,30,2,91339,12821,6319,75630,10411,5491,51391,6904,3581,39785,4999,2899,1440,6556,67,28,20,1717,74
2015-16,2910,KARNATAKA,UTTARA KANNADA,4987,5123,4949,5232,5218,5055,5486,5455,5955,4757,4947,4863,4968,4914,4901,4912,5173,5498,45872,25819,131,126,132,168,160,165,232,158,108,91,122,131,122,126,159,98,3,0,0,2,5,3,0,21,135,4,2,2,2,5,1,1,3,44,3390,1657,2205,1072,933,496,577,253,41810,25608,20587,12462,8081,4375,4122,2257,1,42,15,20,41,45,29,3,1,42,0,46,16,21,23,67,16,4,3,21,0,55,31,32,19,37,41,5,1,33,0,61,28,28,39,48,52,1,7,35,1,66,22,36,21,33,71,3,2,27,1,61,44,24,30,33,58,7,2,31,1,118,36,28,41,25,70,2,3,67,0,67,31,39,43,12,42,5,1,16,883,2197,68,13,4,176,76,225,506,0,0,0,17,2,144,507,0,0,0,3,0,166,359,5,0,4,28,9,180,460,20,3,0,27,28,208,422,16,1,0,29,8,447,928,21,3,3,95,16,244,539,17,6,1,119,59,51,150,35,5,5,24,41,2,12,2,0,0,1,2,0,0,0,0,0,0,0,0,0,0,0,0,0,0,11,1,25,19,1,0,1,0,395,678,48,2,6,82,81,737,1833,63,16,3,213,73,0,0,0,0,0,0,0,2,5,0,0,0,2,0,25,16,0,0,0,8,0,0,0,0,0,0,0,0,0,1,0,0,0,0,0,600,600,7040841,7529946,433,418,0,0,0,6,2,250897,1074,134997,578,5,19,18,4,10,10584,33436,0,36,0,2405,1053,1157,9199,1945,385,112,4169,1050,1337,4332,0,0,0,807,173,0,0,941,0,0,0,0,0,24,0,0,0,0,0,68,103,171,47,71,118,2,0,2,37,13,44,38,0,0,30121,2461,785,28533,2414,784,18814,1627,452,15467,1420,424,1252,3210,68,13,4,196,78
2015-16,2911,KARNATAKA,HAVERI,14594,14818,14192,14673,14336,13498,13508,13633,13139,13861,13855,13670,14002,13111,13223,12803,13268,12354,132980,64801,182,212,217,340,328,316,313,299,119,130,193,252,231,238,198,224,28,29,14,10,18,12,13,37,216,17,6,13,16,22,9,12,17,86,22211,10749,12194,5993,12665,6212,7072,3499,101568,56939,49407,28121,30205,17709,14973,8964,9,21,14,33,55,77,12,6,3,71,7,27,34,26,57,97,15,5,1,73,9,40,39,65,60,104,19,6,2,66,8,71,45,87,124,116,14,5,3,119,9,67,44,89,105,104,34,6,2,99,10,82,46,57,106,93,41,6,3,110,18,85,48,50,80,106,19,2,4,99,3,99,59,59,112,88,37,5,0,61,1434,4251,39,21,6,560,88,225,1048,0,0,0,41,7,238,1074,0,0,0,25,1,120,332,0,7,0,70,29,385,1172,9,4,4,182,96,185,676,8,3,0,104,1,825,2676,14,13,0,381,54,183,589,21,2,0,121,35,52,202,1,2,21,44,20,4,21,1,0,0,13,1,0,0,0,0,0,1,0,0,0,0,0,0,0,0,5,3,22,2,3,1,0,0,800,2820,10,10,18,359,138,834,2516,44,14,7,487,69,0,0,0,0,0,0,0,0,5,0,0,0,1,9,1,13,0,0,0,0,7,0,0,0,0,0,0,0,3,4,0,0,0,0,1,28500,44506,10596432,11091388,430,626,0,2,0,14,3,342079,1473,214667,924,5,18,19,0,0,20930,125436,981,388,0,13367,604,5855,19684,0,62,0,3348,0,620,2862,1082,130,243,6306,2908,0,0,0,0,0,0,0,0,0,0,0,0,0,0,103,64,167,47,27,74,0,0,0,149,19,258,144,2145,12,97270,18580,9733,88199,17091,9099,62160,10067,6552,57103,9324,6267,1897,6373,39,21,6,626,96
2015-16,2912,KARNATAKA,BELLARY,28543,27277,26708,26227,25480,24323,23124,22723,20767,26208,25788,25446,24756,22945,22582,22079,20894,17721,242231,115324,322,298,333,434,348,372,294,319,214,224,310,299,267,241,218,211,338,266,311,273,267,187,179,209,306,280,281,251,250,183,160,155,167,206,61515,29940,31423,14918,51836,25155,27089,13127,129443,68053,62408,33156,31376,15107,15700,7350,2,38,54,72,128,157,4,5,0,76,7,46,47,73,126,135,15,12,3,58,6,73,52,70,165,151,31,11,4,80,3,62,67,95,178,187,50,10,1,80,8,56,44,66,162,157,56,4,3,59,3,64,48,61,163,204,32,3,0,35,5,78,29,59,128,142,30,6,2,33,5,106,31,58,160,108,16,3,7,36,2437,7368,84,43,5,884,181,285,963,0,0,0,48,3,268,1123,0,0,0,54,0,324,1516,12,2,1,227,90,121,258,0,1,0,55,18,300,1204,7,0,0,90,22,874,3489,2,16,1,228,21,425,1257,17,19,2,236,104,85,480,19,11,6,131,101,383,1139,9,8,0,348,106,0,18,0,0,0,0,0,0,13,0,0,0,0,0,7,15,15,18,1,23,0,0,1042,3627,17,19,8,397,250,1146,4218,37,36,1,691,122,0,13,0,0,0,0,0,9,22,0,0,0,0,8,17,18,0,0,0,1,4,0,0,0,0,0,0,0,6,4,0,0,0,1,0,36500,37902,11195340,11858547,413,634,0,0,0,29,0,445408,1940,287062,1250,5,19,18,17,4,41383,237541,0,932,240,20295,1591,1482,33385,2366,268,0,18590,5603,2336,6738,0,0,0,0,0,290,1095,0,0,0,0,0,0,107,863,0,0,0,0,168,142,310,76,58,134,0,1,1,484,73,598,423,229,16,142304,44081,37105,131121,41007,34908,91718,25571,24358,83413,23238,22731,2990,9454,84,43,5,980,183
2015-16,2913,KARNATAKA,CHITRADURGA,14206,13557,13328,13376,13107,13011,13017,12916,13149,13243,13044,12798,12907,11906,12215,12379,12224,12050,117154,62553,226,257,291,363,355,306,337,195,166,155,194,259,247,238,224,130,156,155,149,129,127,116,107,234,262,151,130,118,121,100,118,83,234,235,34136,16762,20396,9946,26300,12751,14543,7069,66881,37941,32402,18428,11939,6166,5809,3033,8,44,35,71,81,76,14,7,0,56,8,66,27,81,85,63,17,5,1,59,5,80,38,95,99,73,24,5,0,66,11,101,39,96,141,111,15,6,4,98,8,130,54,79,125,101,28,2,5,70,9,116,50,73,118,80,24,7,1,66,6,106,81,89,91,100,33,5,1,49,0,104,26,30,90,45,9,6,0,15,1708,4818,40,54,0,243,66,370,962,0,8,6,3,12,318,1024,0,2,0,5,0,300,544,6,21,12,8,82,485,856,1,2,0,35,3,372,1164,20,8,16,35,24,957,2872,18,29,5,105,28,267,757,3,15,0,120,96,84,210,1,0,0,20,31,2,6,0,0,0,0,6,0,1,0,0,0,6,0,0,0,0,0,0,0,0,0,0,0,0,0,0,0,0,1138,2710,17,29,15,127,124,1029,3156,26,25,6,194,64,0,0,0,0,0,0,0,0,0,0,0,0,0,0,0,0,0,0,0,0,0,0,0,0,0,0,0,0,5,1,0,0,0,0,0,28200,29800,15206187,15663002,788,796,1,8,0,3,3,458482,1988,252451,1096,5,19,18,16,0,27907,126799,315,898,0,3648,565,217,13536,710,243,229,6178,2934,975,3553,0,0,0,0,0,25,37,0,0,0,0,0,0,0,0,0,0,0,0,164,96,260,81,60,141,0,0,0,141,22,217,119,63,7,71526,23538,17902,66965,21864,16920,61783,19689,13804,56754,18437,12864,2396,6804,40,64,6,251,78
2015-16,2914,KARNATAKA,DAVANAGERE,17802,17071,16738,16786,16252,16553,16245,15905,15897,16533,15877,15706,16208,15049,15421,15470,15281,14873,149736,87231,210,224,238,288,277,278,278,159,149,150,181,210,182,203,220,158,26,12,15,17,11,25,12,51,126,30,13,12,22,13,28,9,43,74,38158,18505,21426,10466,21223,10300,12179,6009,92992,52863,45309,25779,27034,14576,13274,7285,2,33,48,45,77,77,8,1,1,67,2,29,42,46,97,99,7,1,0,51,5,35,56,52,103,99,9,1,0,59,10,49,74,59,105,105,21,3,0,72,10,53,63,48,123,94,10,1,0,57,10,84,56,55,112,93,16,2,1,52,13,81,67,50,106,114,12,1,0,54,7,78,70,29,81,26,8,0,1,17,1997,6200,0,127,3,424,57,307,887,0,7,0,12,0,404,1274,0,10,0,7,2,689,1893,0,23,0,116,29,94,153,0,1,3,16,4,470,1371,0,27,4,61,8,1228,4116,0,62,0,221,8,386,1142,0,38,15,392,96,78,279,0,1,0,102,48,5,22,0,3,0,5,5,0,0,0,0,0,1,0,0,0,0,0,0,0,0,0,0,0,0,0,0,0,0,1004,3320,0,66,18,264,107,1257,3763,0,66,4,534,62,0,0,0,0,0,0,0,0,0,0,0,0,0,0,0,0,0,0,0,0,0,0,0,0,0,0,0,0,0,1,0,0,0,0,0,27600,27600,13934153,14086300,654,823,0,12,0,8,4,430542,1895,259365,1140,5,19,18,0,0,29876,145925,0,885,0,4633,298,469,19711,0,1433,233,13317,2612,3800,11315,0,172,0,548,0,0,0,0,0,0,0,0,0,0,0,0,0,0,0,146,129,275,73,67,140,1,0,1,151,20,229,142,9,4,97284,30291,15828,80463,26809,14061,56109,15922,8785,45114,13645,7366,2708,8361,0,144,3,443,59
2015-16,2915,KARNATAKA,SHIMOGA,14214,13560,13593,13561,13612,13896,14012,14120,14289,13325,13004,12866,13035,12603,13086,13300,13305,13364,122062,68435,225,237,245,312,381,294,287,192,177,182,216,202,254,267,227,148,78,61,60,82,63,70,73,96,276,76,72,60,44,65,64,49,53,117,26951,13133,15605,7646,5998,2905,3706,1817,90566,55543,44162,26859,22572,12833,11154,6343,17,34,31,30,56,78,33,15,0,108,11,93,28,31,64,62,50,11,1,68,14,132,34,35,75,56,63,8,0,44,17,120,31,38,77,78,71,6,8,68,16,187,38,45,79,107,62,9,4,88,17,196,33,22,79,82,66,10,5,51,9,165,39,36,77,71,57,15,2,43,17,135,30,18,66,22,36,6,0,10,1797,6332,49,51,6,611,65,453,585,0,1,0,14,8,167,609,0,1,0,8,1,779,1633,0,6,0,182,52,7,30,0,0,0,28,0,1555,4921,23,30,16,234,6,134,391,6,0,0,23,0,222,567,25,17,0,446,122,104,273,30,6,8,114,31,1,3,0,1,0,1,0,0,1,0,0,0,0,0,0,0,0,0,0,0,0,0,0,0,0,0,0,0,0,927,2353,27,19,17,236,77,1096,3833,57,35,7,610,82,0,0,0,0,0,0,0,0,0,0,0,0,0,0,0,0,0,0,0,0,0,0,0,0,0,0,0,0,91,94,0,0,0,2,0,735945,828168,16039504,17198223,871,849,0,2,0,12,2,514404,2304,289740,1317,5,19,18,16,99,23073,110731,390,339,0,4763,551,1375,20509,2428,797,238,12865,1726,1717,11584,0,0,0,1029,0,63,145,0,0,0,90,0,0,0,0,0,0,0,0,115,169,284,74,88,162,3,0,3,149,30,177,113,49,5,62269,16860,3328,55994,15050,2994,52396,14065,3013,46238,12473,2756,2417,7526,49,53,6,633,74
2015-16,2916,KARNATAKA,UDUPI,7965,7924,7835,7800,7893,8236,8277,8604,8990,7444,7346,7221,7600,7378,7484,7572,7845,8318,69129,39438,240,136,145,164,154,170,172,145,151,92,122,112,112,125,126,114,174,147,145,128,153,118,121,27,87,161,118,107,151,124,144,96,21,53,5329,2615,3673,1733,4006,1975,2509,1170,62149,38279,30073,18297,8791,5176,4202,2494,1,26,32,23,31,143,12,28,4,91,1,32,13,23,26,96,8,4,3,22,0,52,19,16,27,109,18,2,6,18,2,70,19,20,38,79,20,4,5,19,1,93,20,26,22,62,20,2,5,15,0,122,29,16,17,59,20,9,5,18,0,126,27,18,29,60,12,2,1,23,0,126,17,9,27,38,15,3,2,22,512,3583,128,14,29,310,16,153,694,0,3,0,1,0,140,510,0,0,0,4,0,125,1037,91,5,35,75,2,32,75,3,1,0,0,0,111,783,3,0,4,31,6,297,1560,82,6,27,190,12,112,687,56,3,25,132,15,22,231,50,0,38,68,15,0,9,7,0,3,3,0,0,1,0,0,0,0,0,0,5,0,0,0,0,0,0,0,0,0,0,0,0,0,244,943,24,1,54,81,15,330,2403,177,9,43,343,33,0,5,0,0,0,0,0,0,0,0,0,0,0,0,0,0,0,0,0,0,0,0,0,0,0,0,0,0,0,0,0,0,0,0,0,0,0,7115303,7147205,252,488,0,2,2,2,2,215732,942,155296,678,5,19,18,0,0,7182,59521,449,236,228,1686,53,254,27479,4946,95,735,7718,586,0,318,0,0,0,0,0,0,0,0,0,0,0,0,0,0,0,0,0,0,0,131,144,275,79,89,168,0,1,1,109,13,107,73,314,47,40139,4562,3441,26503,2897,2395,24616,2760,1966,15951,1732,1342,805,4787,128,17,29,315,16
2015-16,2917,KARNATAKA,CHIKKAMANGALORE,7919,7803,7715,7774,7731,7762,8142,7991,8450,7675,7276,7273,7382,7170,7365,7446,7709,7719,70889,39290,172,113,116,123,185,133,160,183,110,84,73,119,94,103,104,116,38,27,28,20,16,19,11,34,57,34,29,16,18,25,12,21,9,44,19845,9781,11690,5790,3797,1854,2290,1138,49422,30189,23906,14596,8242,4721,3970,2252,4,23,26,21,43,42,19,0,3,101,5,34,18,24,30,36,31,0,1,18,6,33,17,16,31,38,27,0,2,19,11,44,26,30,42,32,26,1,3,27,6,62,22,25,49,43,35,0,1,36,9,75,20,20,37,34,19,1,2,19,20,88,10,16,56,29,26,1,0,18,31,136,27,22,30,17,26,1,0,9,1529,4153,66,9,25,344,60,307,712,0,5,0,13,0,215,603,0,1,0,3,0,257,737,18,13,0,77,54,135,404,20,0,10,112,31,190,672,4,0,0,23,0,962,2449,11,7,4,122,10,258,620,21,4,4,163,78,59,193,46,0,18,44,50,17,31,7,0,0,8,3,0,0,0,0,0,0,0,0,0,0,0,0,0,0,30,5,89,39,15,2,0,0,875,1864,36,4,25,151,112,746,2505,73,7,11,321,60,0,0,0,0,0,0,0,5,11,6,0,0,6,0,41,67,4,0,0,40,0,0,0,0,0,0,0,0,2,2,0,0,0,0,0,10000,10004,11677053,12226117,674,626,0,1,0,3,2,384020,1682,203131,890,5,19,18,16,0,15981,63150,0,150,0,3367,721,62,11091,2502,206,392,7883,2129,536,1607,0,0,0,234,0,24,126,0,0,0,0,0,0,0,0,0,0,0,0,136,91,227,75,52,127,0,0,0,51,17,79,70,65,20,42251,15199,2676,38610,14418,2520,25557,8977,1747,22834,8382,1636,2051,5468,66,15,25,360,60
2015-16,2918,KARNATAKA,TUMKUR,12005,11888,11893,12170,12178,12474,12799,13269,14047,11400,11450,11532,11502,11232,10914,11231,11276,11697,107848,60592,121,172,153,179,217,180,173,125,82,116,100,129,167,121,131,106,65,50,44,54,49,51,35,226,257,46,50,42,37,43,42,43,107,125,19927,9803,12318,5768,6791,3351,4181,1874,83626,50460,40716,23487,17945,9341,8907,4655,6,10,23,22,31,43,4,0,0,64,3,23,30,41,52,57,13,1,0,68,7,27,24,33,47,51,11,1,0,52,10,32,34,48,54,55,14,1,1,59,5,54,31,49,79,65,26,0,0,75,12,53,35,30,47,48,23,0,0,53,11,52,34,27,62,58,11,1,0,48,1,43,44,10,52,37,16,1,0,27,2099,4418,0,63,9,563,40,652,877,0,7,0,11,3,571,911,0,3,0,4,0,790,1441,0,10,0,147,17,67,106,0,1,0,56,0,961,1373,0,13,1,67,1,1429,2514,0,17,16,349,17,251,498,0,8,0,172,38,96,189,0,5,0,44,39,4,37,0,0,0,14,3,0,0,0,0,0,0,0,7,14,0,3,0,2,0,1,9,75,23,6,0,0,0,1277,1504,0,22,11,232,69,1538,3227,0,25,6,472,29,0,0,0,0,0,0,0,3,21,0,0,0,2,7,9,59,0,0,0,8,5,0,0,0,0,0,0,0,88,32,0,0,0,1,0,167500,196508,17569234,18143803,1383,762,0,7,0,4,5,547259,2365,224919,972,5,19,18,0,0,29253,81002,0,581,0,4474,194,572,28471,0,326,220,15845,1572,1772,5160,0,0,0,306,0,0,0,0,0,0,0,0,0,0,0,0,0,0,0,143,151,294,89,84,173,10,11,21,97,12,146,99,779,65,63482,14930,4462,57814,13914,4177,37726,8961,2807,32603,7894,2391,3322,6203,0,73,9,578,43
2015-16,2919,KARNATAKA,KOLAR,13043,12434,12413,12177,12265,11981,11680,11750,11901,12285,11791,11620,11707,11388,11511,11066,11009,11086,114978,61759,82,98,143,132,186,113,121,85,72,73,82,102,131,80,96,64,53,43,35,43,49,60,67,75,138,45,48,34,43,36,75,58,81,84,37943,18681,21516,10542,7433,3660,4126,1980,71660,40905,34522,19920,19509,10270,9527,5128,9,3,14,19,43,26,8,2,1,29,5,7,17,26,49,30,11,2,0,24,8,17,21,24,60,44,12,2,2,35,8,16,18,33,55,43,22,3,1,35,19,19,17,34,73,64,20,2,2,67,9,11,18,27,49,36,16,0,1,26,18,19,12,26,52,40,18,4,0,28,4,24,15,12,49,21,10,0,1,13,1997,4313,92,28,0,1115,80,506,719,0,9,0,22,3,545,712,0,13,0,10,0,404,384,44,7,0,154,43,218,317,0,2,0,24,15,418,830,0,10,0,37,7,1536,2585,22,16,0,316,4,313,485,34,5,0,836,47,115,233,29,2,0,145,44,7,8,1,0,0,11,2,1,0,0,0,0,1,0,0,5,0,0,0,0,0,7,1,14,3,0,0,0,0,1252,1415,46,9,0,399,77,1356,3048,40,26,0,971,42,0,0,0,0,0,0,0,1,3,0,0,0,4,6,0,7,0,0,0,3,1,0,0,0,0,0,0,0,7,6,0,0,0,0,1,74657,103445,14641568,14992581,1183,603,0,5,0,9,1,505528,2181,215239,928,5,19,18,16,4,29300,70650,987,572,0,12366,425,590,24770,2359,114,0,20382,2142,2826,8229,0,247,0,1351,0,0,209,0,0,0,0,0,101,0,0,0,0,0,0,120,113,233,56,77,133,2,2,4,122,23,149,79,1456,148,57896,24887,5156,54707,23725,4998,32580,12863,2698,31578,13275,2624,3048,5744,92,50,0,1147,83
2015-16,2920,KARNATAKA,BANGALORE U SOUTH,58186,53958,51432,47748,45980,43120,41582,39936,36858,54123,50338,47274,45468,43818,41003,39615,38509,35525,460199,212272,269,210,267,319,288,233,174,172,178,143,181,222,222,181,156,102,281,252,255,258,232,198,179,149,234,229,217,225,220,170,178,169,123,132,71541,35087,37565,18418,11170,5383,5030,2403,276924,134676,134769,66476,68669,33186,33830,17079,18,13,42,32,43,66,52,46,7,128,12,45,61,30,59,68,69,3,5,1,6,60,43,86,85,72,86,0,9,1,9,101,60,92,89,91,93,2,3,1,8,104,46,77,95,93,78,1,5,3,13,84,39,44,93,76,59,2,3,1,15,74,53,30,59,45,51,3,0,0,18,58,36,20,61,51,29,0,1,0,2709,9504,8886,12,26,8025,214,142,328,56,0,0,44,0,84,245,5,0,0,10,0,508,1770,1372,4,13,1383,69,274,857,1125,0,25,550,21,311,1493,343,6,0,384,18,1028,3855,5130,4,17,5238,122,349,1224,1101,1,1,1363,28,111,429,878,1,12,633,23,26,135,279,1,2,159,2,0,1,3,0,0,3,0,0,0,0,0,0,0,1,14,22,259,25,25,13,0,0,333,1231,1369,4,32,1263,63,1766,6763,7490,9,25,7067,152,0,0,0,0,0,0,0,1,7,23,0,0,43,1,10,36,92,0,0,141,4,0,0,0,0,0,0,0,0,1,0,0,0,0,0,0,5,8080304,8162887,414,463,1,2,0,8,0,647450,2831,497459,2173,19,5,18,16,17,11297,81905,232607,129,605,167714,1210,25557,123814,23283,102,0,33951,829,1750,12372,444,0,0,394,249,163,937,118,0,0,0,0,0,326,0,0,0,0,0,97,539,636,73,397,470,5,47,52,611,113,668,429,219,40,66919,25592,3407,50026,19218,2789,57035,20278,2764,39409,14532,2137,2935,10077,8947,12,26,8078,214
2015-16,2921,KARNATAKA,BANGALORE RURAL,8496,8364,8274,7869,7988,7620,7389,7420,7526,8058,7843,7727,7512,7161,7072,7023,6983,7130,74697,38694,66,112,125,123,189,88,141,107,60,64,61,89,108,76,118,86,7,16,13,10,9,8,10,16,58,11,15,14,12,17,11,8,16,23,18740,9236,10407,5048,4688,2245,2588,1209,52823,29108,25413,14154,9374,5856,4566,2501,3,15,9,21,15,22,1,4,2,34,2,17,20,21,19,62,5,3,0,27,6,13,15,20,30,55,8,3,0,36,2,22,14,25,27,63,13,1,1,44,8,46,24,19,28,75,17,3,2,75,2,24,15,13,29,45,12,0,0,24,8,44,18,19,32,70,11,5,0,52,4,61,19,10,26,34,23,0,0,16,1342,2646,79,15,8,1118,33,247,451,0,4,0,11,0,188,306,0,0,0,9,0,318,413,16,7,0,179,21,186,465,31,0,0,426,4,345,586,6,2,0,105,0,764,1253,15,4,0,357,6,166,235,12,0,5,215,6,63,137,37,2,21,194,9,13,41,5,0,1,80,15,0,0,0,0,0,0,0,1,1,0,0,0,0,0,42,13,50,28,10,13,0,0,681,1004,29,3,17,441,27,857,1713,77,5,10,936,13,1,1,0,0,0,0,0,9,9,2,0,0,21,2,15,25,10,0,0,57,6,0,0,0,0,0,0,0,0,1,0,0,0,0,0,2500,2500,8533794,8740937,627,415,0,3,0,6,0,305617,1331,141913,618,5,19,18,99,17,15244,43615,249,57,233,9086,0,1102,11205,2063,48,0,28981,643,664,2345,0,87,0,89,0,0,865,0,0,0,0,0,34,137,0,0,0,0,0,49,60,109,53,36,89,14,8,22,61,5,108,72,311,46,33668,12392,2712,32405,12163,2595,23439,8473,1994,22663,8224,1932,1775,3403,79,16,6,1138,33
2015-16,2922,KARNATAKA,MANDYA,12362,11792,11668,11268,11306,11860,12370,12296,12695,11429,11418,10860,10795,10243,10954,11300,11110,11368,101006,56219,218,171,198,219,291,260,326,209,136,113,132,135,156,189,189,164,271,227,209,248,252,246,195,100,134,219,231,225,190,209,173,187,37,47,16973,8345,10751,5233,2980,1394,1551,745,90989,55656,43989,26662,6620,3678,3281,1766,2,11,35,27,63,89,4,50,2,71,2,23,29,28,48,74,17,17,1,45,1,43,31,33,72,75,29,16,3,27,3,47,31,45,68,79,34,10,0,37,5,63,46,37,104,79,50,19,5,39,1,70,54,43,72,85,77,10,2,35,2,130,46,41,81,85,84,10,1,35,5,114,37,21,94,48,26,4,2,22,1619,5333,50,68,6,468,112,489,1108,0,18,0,1,5,415,930,0,9,0,10,0,183,776,8,18,0,144,48,132,356,0,0,6,78,21,621,1574,12,20,2,95,8,724,2041,12,11,7,171,20,252,755,16,7,2,193,94,79,221,24,10,2,71,88,3,82,0,0,1,1,7,0,1,0,0,0,1,0,0,0,0,0,0,0,0,5,13,61,32,4,0,0,0,943,1945,22,15,7,178,136,868,3085,42,33,13,432,102,0,0,0,0,0,0,0,4,21,0,0,0,0,4,14,52,0,12,0,2,6,0,0,0,0,0,0,0,50,23,0,1,0,1,1,284455,303503,14334327,15582396,912,835,0,8,0,3,8,465341,2039,260492,1139,5,19,18,4,16,20895,103855,330,941,0,7894,703,684,15025,352,580,228,7120,3904,680,1875,0,0,0,0,46,0,0,0,0,0,166,0,75,0,0,0,0,0,0,168,114,282,102,62,164,0,3,3,116,26,121,100,31,13,39919,8195,797,34632,7361,748,55260,10943,1135,49777,10116,1028,2523,7371,50,95,6,479,117
2015-16,2923,KARNATAKA,HASSAN,11929,11648,11588,11701,11634,11607,11925,11943,12658,11559,11289,11357,11367,10720,11164,11610,11482,12009,100536,55333,88,131,180,254,310,228,285,203,79,101,115,172,189,169,173,109,3,0,0,0,0,0,0,5,1,0,0,0,0,0,0,0,1,4,26427,13243,15623,7798,2887,1474,1563,807,82339,49737,40058,24307,10626,6079,5173,2998,16,16,8,18,30,25,9,5,0,40,6,36,13,31,41,34,13,4,2,52,4,46,29,38,39,49,30,4,1,55,15,68,25,49,69,92,28,7,3,70,16,91,38,74,69,85,32,7,10,77,14,106,30,58,62,39,27,6,10,45,18,118,36,54,56,66,38,6,7,59,11,82,33,30,55,45,24,7,4,21,2051,5012,0,78,2,487,98,714,1245,0,21,0,0,3,564,1153,0,5,0,0,0,364,653,0,9,12,72,75,293,697,0,7,19,169,79,531,1014,0,11,0,36,1,1564,2732,0,42,0,102,17,311,726,0,16,0,240,53,105,193,0,6,2,133,44,22,82,0,0,1,29,4,0,0,0,0,0,0,0,4,4,0,0,0,0,0,40,13,93,31,7,3,0,0,1481,2238,0,27,14,219,126,1345,3207,0,55,8,490,72,4,3,0,0,0,0,0,6,29,0,0,0,4,5,15,116,0,0,0,11,1,0,0,0,0,0,0,0,2,0,0,0,0,0,2,27000,27000,15169047,16025605,1091,791,0,5,0,0,1,610021,2651,295109,1282,5,19,18,16,0,28407,88960,0,719,0,4363,239,797,18591,0,1081,147,14673,3878,932,2077,0,0,0,136,0,0,51,0,0,0,0,0,0,0,0,0,0,0,0,188,126,314,111,73,184,1,3,4,89,24,121,99,35,7,29451,10410,952,28112,10102,931,21852,7135,962,20748,6880,938,3329,7410,0,104,2,487,101
2015-16,2924,KARNATAKA,DAKSHINA KANNADA,16050,16093,16031,15916,16481,16761,17087,18152,19198,15142,14917,15063,15128,15411,15479,15379,16299,17220,142083,81598,239,229,292,271,354,327,378,316,159,144,185,186,213,215,221,220,0,0,0,0,0,0,0,1,646,0,0,0,0,0,0,0,1,306,11745,5676,7867,3848,6197,3029,4048,1972,130785,81810,63416,38830,51989,30729,25121,14815,8,53,19,26,37,136,13,16,33,57,4,56,20,25,47,124,26,11,23,37,3,138,18,14,58,126,28,6,21,65,9,117,24,25,41,121,43,7,16,54,9,161,37,21,56,117,59,8,23,76,13,166,26,34,56,108,64,8,9,58,7,239,26,28,62,106,59,12,8,52,13,219,31,11,53,90,59,12,4,44,868,6780,62,68,5,338,32,165,1038,0,10,0,21,0,158,1109,0,0,0,28,0,223,1495,28,24,0,77,55,5,31,0,0,0,14,0,128,1324,1,7,0,13,0,357,2897,12,14,0,124,8,168,1914,32,30,12,172,40,29,388,12,11,11,104,17,0,34,3,4,0,10,1,1,3,0,0,0,1,0,0,0,0,0,0,0,0,0,0,0,0,0,0,0,0,138,1150,21,19,18,63,22,550,5441,39,47,5,375,44,0,0,0,0,0,0,0,0,0,0,0,0,0,0,0,0,0,0,0,0,0,0,0,0,0,0,0,0,0,2,0,0,0,0,0,0,3,11515500,11525503,280,810,0,6,0,12,6,329458,1440,261699,1144,5,19,0,0,0,12118,144190,63,749,0,3371,144,379,56979,1955,1168,195,6742,1041,0,0,0,0,0,0,0,0,0,0,0,0,0,0,0,0,0,0,0,0,0,84,297,381,65,204,269,1,7,8,222,21,229,177,176,38,75621,9740,4674,51527,7323,3355,50709,6366,3215,35026,4861,2468,1191,8925,62,78,5,387,32
2015-16,2925,KARNATAKA,KODAGU,4214,4027,3980,3937,4101,4271,4268,4437,4615,3918,3877,3921,3930,3900,3995,4068,4201,4212,36801,21298,45,53,56,74,82,62,92,65,34,41,37,66,46,56,51,64,31,34,28,22,23,34,25,27,146,27,26,24,26,23,20,24,16,63,5624,2803,3765,1879,6463,3266,3093,1538,26137,17195,12759,8365,8056,4891,3936,2338,0,4,5,4,16,17,10,1,1,21,0,8,4,16,14,19,18,1,0,14,0,11,4,5,20,24,12,0,0,17,0,17,7,10,21,25,25,0,0,35,1,16,11,3,18,29,28,0,0,22,0,11,12,8,23,27,24,1,0,12,2,21,16,9,30,23,31,1,0,10,1,36,13,5,23,22,20,1,2,6,451,1863,16,2,22,217,14,47,214,0,0,0,0,0,45,341,0,0,0,5,0,175,885,7,0,14,37,14,25,213,0,0,11,35,10,60,383,0,0,1,27,0,174,963,6,0,2,95,6,85,277,17,0,34,124,1,22,88,4,0,8,27,5,0,6,0,0,0,2,0,0,0,0,0,0,1,0,0,0,0,0,0,0,0,13,5,33,16,5,1,0,0,86,340,0,0,33,66,16,280,1590,27,0,23,245,6,0,0,0,0,0,0,0,0,6,0,2,0,0,16,14,22,0,3,0,2,8,0,0,0,0,0,0,0,1,5,0,0,0,0,2,17000,19001,4086443,4225357,137,273,0,0,0,1,3,121900,536,85893,377,5,19,16,18,8,4216,31629,209,0,0,2212,275,567,13344,501,212,627,4842,443,8,121,0,0,0,0,0,11,76,0,0,0,0,0,7,18,0,0,0,0,0,20,86,106,16,45,61,0,7,7,53,9,59,43,20,4,16625,3840,5480,15719,3534,5548,13797,2924,2867,12562,2680,2922,543,2418,16,2,22,222,14
2015-16,2926,KARNATAKA,MYSORE,23718,23355,22874,22370,22656,22919,22856,22441,22832,22355,23062,21705,21571,20996,21766,21789,21318,21979,204915,111527,220,247,265,343,412,421,360,260,163,190,220,238,256,294,304,199,368,327,310,296,285,292,253,203,317,314,344,273,304,282,250,249,140,216,40249,19789,24831,12255,28267,13931,16527,8246,141450,82428,69200,40168,29773,15641,14686,8001,22,21,54,68,59,62,20,4,6,67,14,38,68,70,68,74,29,2,4,70,23,44,65,74,74,96,34,5,2,68,22,68,65,72,130,90,57,4,5,68,18,74,64,82,117,122,85,7,4,95,24,108,65,80,124,115,109,7,1,82,23,88,64,58,128,111,133,4,4,51,23,86,58,54,93,54,48,6,3,34,2249,7867,289,95,39,1429,105,426,1274,0,13,0,28,9,315,1100,0,1,0,36,0,445,1330,108,23,6,284,45,914,2209,129,38,26,560,47,423,1179,59,13,5,181,4,716,2304,126,9,20,504,25,526,1703,61,16,2,627,65,141,555,87,5,12,259,42,18,60,9,0,2,40,1,0,4,3,0,0,0,0,2,65,16,0,0,24,4,113,40,110,80,53,4,0,17,1159,2642,152,22,46,479,112,1579,5387,335,59,21,1692,72,2,50,3,0,0,24,4,13,83,4,2,3,4,54,24,141,11,19,0,19,26,0,13,0,0,0,1,0,1,3,0,0,0,0,1,13002,13003,16030154,17388499,923,936,0,4,0,19,2,591841,2571,352843,1534,5,19,18,1,4,35583,168804,1742,747,347,16825,1086,1645,46628,7339,1854,498,32952,3082,1526,8777,0,0,0,1026,0,0,173,0,0,0,0,0,0,106,0,0,0,0,0,185,265,450,123,210,333,2,10,12,227,39,344,234,599,17,112130,28456,19590,96027,25458,17657,74236,18409,12780,64840,16551,11503,2990,10241,289,109,39,1493,112
2015-16,2927,KARNATAKA,CHAMARAJANAGARA,7098,7207,7136,7091,7145,7045,6876,6733,6564,6829,6725,6758,6818,6631,6579,6608,6407,6274,63023,34067,87,98,109,107,108,113,122,93,66,75,64,91,89,75,88,49,10,7,5,1,8,5,2,4,11,1,2,3,2,4,3,0,4,6,17537,8486,10975,5366,8928,4365,4912,2367,42005,23511,20436,11465,4852,2627,2413,1366,0,14,15,25,44,30,1,2,0,22,0,19,9,15,51,39,7,1,1,31,1,20,7,22,52,30,7,1,2,31,1,18,21,17,39,56,7,1,1,37,1,28,10,25,49,46,10,1,0,27,2,28,13,26,55,36,5,2,1,20,3,35,22,22,64,32,8,0,1,23,4,31,9,12,42,22,7,0,0,15,830,2868,0,58,0,37,57,168,483,0,2,0,0,1,126,400,0,7,0,0,0,177,486,0,7,0,0,48,125,398,0,9,0,4,8,158,486,0,3,0,0,0,367,1160,0,7,0,9,0,201,612,0,24,0,34,49,52,280,0,6,0,15,40,5,19,0,0,0,0,1,0,0,0,0,0,0,0,1,0,0,0,0,0,5,20,9,36,23,26,2,0,0,487,1253,0,16,0,24,58,421,1702,0,33,0,38,40,1,0,0,0,0,0,5,20,9,0,2,0,0,31,10,23,0,8,0,0,13,0,0,0,0,0,0,0,1,1,0,0,0,0,0,4000,4000,5968715,6291583,298,357,0,2,0,1,3,217107,936,128459,554,5,19,18,16,0,13348,71771,0,451,0,0,398,72,7391,0,704,0,1421,2050,353,1436,0,0,0,0,0,264,1322,0,53,0,0,0,0,0,0,0,0,0,0,66,52,118,47,32,79,2,2,4,114,19,106,68,4,3,46483,12987,6370,39059,11114,5082,29041,8393,4206,24754,7034,3744,1124,3751,0,67,0,37,58
2015-16,2928,KARNATAKA,BANGALORE U NORTH,34967,33529,32455,30808,30872,28676,28073,27781,26155,32586,31194,29934,28874,28591,26773,26372,26226,25355,296342,146786,356,197,206,184,201,173,206,165,176,149,123,104,152,95,121,134,107,125,136,122,117,95,115,196,384,81,101,117,95,108,81,82,191,316,48483,23590,26361,12712,7295,3392,3419,1648,167450,85661,80233,41809,51951,27180,25480,13916,11,22,65,28,45,193,19,32,16,101,16,26,37,27,45,83,31,27,9,45,21,28,41,23,48,80,33,10,8,37,13,26,42,25,42,69,44,11,1,15,13,49,48,48,59,77,37,2,2,18,7,46,52,25,32,46,40,3,1,16,6,65,37,24,47,52,44,5,3,44,27,91,44,17,41,27,34,3,3,12,1871,6642,978,28,12,9798,38,102,221,0,0,0,21,0,37,119,0,0,0,4,0,207,688,243,7,12,1261,10,309,1148,171,1,0,2354,21,251,1496,71,13,0,706,0,396,1488,118,8,0,1753,6,492,1233,425,2,2,3691,1,75,352,222,0,20,1344,3,10,65,56,0,0,296,2,0,12,1,0,0,6,0,0,1,0,0,0,2,0,23,10,30,120,53,4,2,0,235,861,180,5,16,1658,9,1298,4934,884,19,6,8494,24,0,0,0,0,0,0,0,0,6,4,0,0,32,0,8,47,14,0,0,131,0,0,0,0,0,0,0,0,1,3,0,0,0,0,0,34100,34100,2880163,2995962,118,159,0,2,0,2,0,426631,1856,330582,1438,19,5,18,16,17,7946,68346,27642,75,256,208672,173,16141,73300,1683,235,10,36375,255,2051,9533,294,0,0,1486,0,284,3694,0,0,0,0,0,200,835,0,0,0,0,0,99,415,514,71,285,356,19,86,105,365,57,444,279,696,69,31303,10980,1403,19542,6641,1094,27362,9574,1008,16003,5750,674,2010,6980,978,28,12,9823,38
2015-16,2929,KARNATAKA,CHIKKABALLAPURA,10016,10082,9802,9537,9945,9826,9277,9305,9276,9651,9480,9240,9177,9108,8908,8838,8689,8656,89038,46603,123,150,120,173,190,144,163,167,98,121,125,120,110,133,122,132,36,37,27,29,27,26,21,44,42,21,32,24,23,16,18,14,17,23,26072,12868,14693,7136,13410,6650,7397,3580,52386,30123,25147,14465,12599,6727,6043,3281,5,15,10,41,47,60,10,1,0,32,2,25,14,40,65,71,12,0,1,41,6,22,13,34,61,62,13,0,4,30,2,28,20,42,68,73,23,2,2,33,3,34,15,55,61,55,23,3,4,47,9,30,20,28,64,55,32,1,0,38,11,30,16,27,77,60,17,3,0,44,9,39,28,57,60,36,40,4,1,25,1669,4039,0,41,2,493,92,423,623,0,2,0,14,7,358,571,0,2,0,1,0,254,383,0,9,10,94,40,216,616,0,4,0,186,51,300,548,0,3,0,24,0,835,1353,0,10,0,81,8,515,1050,0,12,1,178,44,92,261,0,6,19,97,41,20,54,0,2,1,15,12,1,3,0,0,0,3,0,0,0,0,0,0,0,0,0,0,0,0,0,0,0,0,1127,1707,0,12,12,203,102,852,2178,0,25,9,381,54,0,0,0,0,0,0,0,0,0,0,0,0,0,0,0,0,0,0,0,0,0,0,0,0,0,0,0,0,1,2,0,0,0,0,1,51500,51500,11631808,12154500,891,508,0,2,0,3,5,411295,1775,184013,793,5,19,18,0,0,23483,76447,0,825,0,8516,790,48,14810,0,337,233,8262,2049,1207,4291,0,0,0,0,0,0,0,0,0,0,0,0,0,0,0,0,0,0,0,90,60,150,50,38,88,0,0,0,92,19,104,68,61,17,51198,20073,9803,46380,18588,9005,30683,11365,5190,26935,10243,4697,2450,5233,0,45,2,507,99
2015-16,2930,KARNATAKA,BELGAUM CHIKKODI,28216,27869,27375,26672,26249,24581,24513,25420,24315,25972,26008,25662,25479,23469,22659,22371,22814,21253,253094,119824,261,403,409,420,370,347,304,340,158,280,308,300,273,204,179,186,296,289,287,237,200,266,263,550,694,236,235,241,223,203,213,212,503,657,39152,19350,21058,10092,15629,7689,8005,3871,178443,91452,86355,43932,26575,14040,13170,6930,3,48,35,43,104,88,22,2,1,73,11,106,58,101,145,117,39,6,4,96,9,95,60,106,174,162,24,5,12,70,11,108,58,92,196,132,29,9,4,81,10,121,60,71,152,124,37,3,2,63,6,81,43,67,149,101,30,4,7,63,9,82,53,52,129,80,21,1,9,47,7,98,48,66,128,75,44,4,7,49,2476,8657,16,109,22,581,242,282,1253,0,2,0,44,0,150,923,0,0,0,24,0,380,1730,21,29,2,147,71,272,1132,9,6,0,95,31,478,1983,0,18,18,198,104,916,3536,23,49,28,220,112,414,1508,0,12,4,248,143,72,295,0,8,1,60,50,20,175,0,1,1,9,7,0,1,0,0,0,0,0,0,0,0,0,0,0,0,0,15,5,13,0,1,0,0,1194,4652,10,41,30,424,301,978,3978,22,53,22,406,146,0,0,0,0,0,0,0,6,0,0,0,0,1,4,15,1,0,0,0,7,0,0,0,0,0,0,0,0,27,53,0,0,0,1,11,197314,258578,17422998,18728049,772,1114,0,5,1,25,14,572053,2448,362786,1553,5,10,19,18,1,41787,246458,0,866,637,11589,4066,2674,24510,0,612,0,1292,545,782,6347,626,808,230,10602,3475,2682,12260,0,0,0,948,0,0,570,0,0,0,0,0,152,77,229,53,39,92,0,0,0,542,51,627,390,6,2,154799,28138,11140,129546,24476,10655,100687,19792,7082,82755,16208,6396,2908,10833,16,111,22,649,242
2015-16,2931,KARNATAKA,TUMKUR MADHUGIRI,7569,7322,7083,7055,7069,7084,6812,6849,7565,7186,7019,6723,6889,6257,6781,6421,6592,7018,64812,33836,120,100,102,136,134,134,158,60,66,88,79,107,112,98,87,48,42,57,48,49,46,56,59,20,71,30,45,45,42,39,48,46,15,36,17846,8758,10634,5164,9447,4689,5300,2599,41550,23562,20032,11542,5908,3142,2870,1645,1,15,9,27,39,32,7,4,1,51,3,13,8,33,51,30,13,0,0,37,1,14,11,31,48,37,11,0,0,28,2,17,20,49,67,39,13,0,0,36,4,20,18,49,68,38,14,0,2,33,4,20,12,34,68,47,21,0,2,24,3,22,14,40,52,43,41,1,2,27,0,8,18,20,29,8,19,0,0,6,1259,2562,0,14,1,218,76,187,349,0,1,0,7,0,404,762,0,3,0,6,0,893,1118,0,12,0,85,36,25,49,0,0,0,8,2,260,412,0,0,0,7,0,947,1750,0,10,0,101,9,262,489,0,1,0,176,50,71,116,0,1,0,31,49,2,0,0,0,0,1,1,0,3,0,0,0,1,1,0,0,0,0,0,0,0,0,0,0,19,3,0,0,0,883,1358,0,2,0,140,75,684,1461,0,10,0,185,37,0,0,0,0,0,0,0,0,0,0,0,4,0,7,0,0,0,0,0,0,11,0,0,0,0,0,0,0,29,15,0,0,0,1,0,58500,60500,11946234,12217496,745,528,0,3,0,3,3,331175,1422,147892,635,5,19,18,0,0,19780,61480,0,232,0,4531,0,368,4653,0,80,79,4365,2426,464,1585,0,27,0,0,0,0,0,0,0,0,0,0,0,0,0,0,0,0,0,92,32,124,38,17,55,0,0,0,89,20,83,52,2889,290,44539,13696,6135,40692,12643,5626,30883,9890,5004,28459,9009,4734,1850,3673,0,18,1,231,76
2015-16,2932,KARNATAKA,RAMANAGARA,7772,7666,7473,7296,7421,7393,7417,7773,7403,7582,7359,7131,7210,6681,6976,6724,7200,6947,67064,36554,102,97,163,181,198,209,197,125,69,76,121,138,141,151,143,128,43,38,27,25,32,14,14,8,1,45,38,33,39,21,13,17,5,0,14525,7150,8495,4096,2598,1275,1275,603,54132,31611,26425,15207,10398,5445,5074,2692,0,25,9,17,37,28,13,5,2,35,1,54,10,14,27,23,7,7,1,29,0,108,24,26,33,43,21,4,0,25,0,94,19,25,59,39,53,4,2,24,0,95,27,24,49,47,48,1,4,44,0,137,18,19,54,40,55,3,2,32,1,102,14,19,56,39,62,4,4,39,1,104,12,12,55,26,21,2,0,20,1351,3189,18,27,0,294,55,311,466,0,0,0,2,3,398,553,0,17,0,5,3,167,268,0,15,0,41,33,43,45,0,1,0,8,0,302,529,0,10,0,27,9,990,1560,11,15,0,147,35,241,609,4,6,0,152,62,81,178,0,1,0,43,46,2,4,0,0,0,3,3,0,0,0,0,0,0,0,4,0,0,0,0,0,2,7,17,206,44,9,0,0,0,788,1042,6,8,0,116,103,872,1883,9,25,0,264,53,3,0,0,0,0,0,1,14,27,0,0,0,1,9,46,171,2,0,0,6,7,0,0,0,0,0,0,0,0,0,0,0,0,0,0,0,0,9366994,9962002,821,428,0,4,0,3,4,341523,1478,146648,634,5,19,18,0,0,18258,52807,0,386,0,1632,495,474,16524,278,158,0,6250,2247,1298,4652,0,173,0,309,89,0,0,0,0,0,0,0,0,0,0,0,0,0,0,70,50,120,43,35,78,4,0,4,75,15,84,59,25,4,38574,10280,1813,37255,10115,1743,24814,6270,1081,23448,6104,1069,2056,4207,18,44,0,301,61
2015-16,2933,KARNATAKA,YADAGIRI,17122,17053,16216,15918,14480,13279,12442,10185,8722,15312,15733,14975,14584,12838,11616,10977,8224,6541,152616,64982,176,144,172,185,215,148,107,47,112,120,127,146,175,97,77,56,73,94,89,51,41,121,128,27,15,64,74,80,27,16,71,63,20,24,37414,17890,16034,6900,18565,8831,7802,3528,94180,40645,44935,19344,17051,8163,8103,4045,0,39,15,44,56,50,7,3,1,73,2,24,24,55,67,55,5,3,3,26,7,41,20,53,88,55,9,0,1,25,3,46,24,82,92,64,5,1,1,13,4,56,26,73,110,88,5,5,0,23,5,38,13,31,85,51,6,2,3,11,2,36,20,25,54,30,5,1,2,9,3,18,15,12,37,10,3,0,0,5,1850,3626,12,28,7,108,54,141,431,0,0,0,4,4,206,587,0,0,0,8,0,146,282,4,1,0,7,4,206,187,0,0,0,0,0,102,355,0,0,0,0,0,1108,2357,13,9,0,63,53,223,509,0,20,17,68,60,20,43,0,0,0,17,24,16,20,0,0,0,1,3,2,0,0,0,0,6,1,0,0,0,0,0,0,0,0,0,6,5,0,1,0,0,896,1925,2,7,12,93,102,781,1546,11,22,5,62,39,0,0,0,0,0,0,0,0,0,0,0,0,0,12,0,0,0,0,0,0,0,0,0,0,0,0,0,0,5,3,0,0,0,0,0,201620,291696,4902848,5684174,324,308,0,0,0,3,1,287854,1232,143345,613,5,18,19,17,4,43470,143046,0,509,224,5165,1879,2693,8902,0,0,0,147,0,0,2072,854,187,0,342,1083,0,87,0,0,0,0,0,0,9,0,0,0,0,0,54,24,78,46,12,58,1,1,2,517,59,486,255,58,4,88464,25571,12477,82027,23835,12011,63234,16660,8836,66371,16128,8539,2197,4644,12,28,7,120,58
2015-16,2934,KARNATAKA,UTTARA KANNADA SIRSI,5574,5740,5778,6127,6067,6101,5854,6134,5914,5394,5508,5305,5854,5497,5707,5329,5504,5383,53556,29084,75,154,194,245,300,270,260,183,86,117,160,190,187,184,155,125,51,67,64,54,65,107,104,46,65,53,67,56,54,60,114,122,35,41,6298,3028,3839,1751,2538,1276,1559,724,41925,24000,20259,11681,8695,4803,4226,2313,3,18,12,20,27,18,22,4,2,35,5,35,42,31,36,33,61,2,0,26,10,57,46,40,49,43,69,3,6,31,11,79,58,72,46,49,70,2,0,48,15,78,68,64,51,71,84,4,4,48,14,116,62,50,58,42,65,7,5,35,14,123,54,52,37,42,45,5,4,39,13,99,31,32,42,41,25,2,4,19,1005,2116,57,5,8,76,27,286,499,0,0,0,16,4,202,618,0,0,0,4,0,319,412,29,0,0,18,20,166,362,0,0,0,8,9,106,305,3,0,0,9,1,457,1034,18,3,0,34,16,197,399,14,1,7,57,23,78,235,13,1,16,48,17,13,29,0,0,0,1,1,1,9,0,0,0,0,0,0,0,0,0,0,0,0,8,0,0,0,2,0,0,0,465,780,15,0,17,58,26,553,1593,33,5,6,99,41,0,0,0,0,0,0,0,0,0,0,0,0,0,2,0,0,0,0,0,0,8,0,0,0,0,0,0,0,2,1,0,0,0,0,0,2000,2300,8443180,8541054,580,451,0,0,0,4,3,280324,1207,132838,573,5,19,18,10,4,13555,51623,0,79,0,1270,245,96,6462,1341,147,213,1051,678,1455,4116,0,0,0,281,0,88,216,0,0,0,0,0,0,15,0,0,0,0,0,32,52,84,21,34,55,0,1,1,102,12,75,47,8,3,36317,4883,1931,32004,4409,1598,26302,3176,1298,24500,2968,1203,1493,3233,57,5,8,96,31
