Year,DISTCD,State Name,DISTNAME,SCH1,SCH2,SCH3,SCH4,SCH5,SCH6,SCH7,SCH9,SCHTOT,SCH1GA,SCH2GA,SCH3GA,SCH4GA,SCH5GA,SCH6GA,SCH7GA,SCH9GA,SCHTOTGA,SCHBOY1,SCHBOY2,SCHBOY3,SCHBOY4,SCHBOY5,SCHBOY6,SCHBOY7,SCHBOY9,SCHBOYTOT,SCHGIR1,SCHGIR2,SCHGIR3,SCHGIR4,SCHGIR5,SCHGIR6,SCHGIR7,SCHGIR9,SCHGIRTOT,ENR1,ENR2,ENR3,ENR4,ENR5,ENR6,ENR7,ENR9,ENRTOT,TCH1,TCH2,TCH3,TCH4,TCH5,TCH6,TCH7,TCH9,TCHTOT,SCLS1,SCLS2,SCLS3,SCLS4,SCLS5,SCLS6,SCLS7,SCLSTOT,STCH1,STCH2,STCH3,STCH4,STCH5,STCH6,STCH7,STCHTOT,ROAD1,ROAD2,ROAD3,ROAD4,ROAD5,ROAD6,ROAD7,ROADTOT,SPLAY1,SPLAY2,SPLAY3,SPLAY4,SPLAY5,SPLAY6,SPLAY7,SPLAYTOT,SBNDR1,SBNDR2,SBNDR3,SBNDR4,SBNDR5,SBNDR6,SBNDR7,SBNDRTOT,SGTOIL1,SGTOIL2,SGTOIL3,SGTOIL4,SGTOIL5,SGTOIL6,SGTOIL7,SGTOILTOT,SBTOIL1,SBTOIL2,SBTOIL3,SBTOIL4,SBTOIL5,SBTOIL6,SBTOIL7,SBTOILTOT,SWAT1,SWAT2,SWAT3,SWAT4,SWAT5,SWAT6,SWAT7,SWATTOT,SELE1,SELE2,SELE3,SELE4,SELE5,SELE6,SELE7,SELETOT,SCOMP1,SCOMP2,SCOMP3,SCOMP4,SCOMP5,SCOMP6,SCOMP7,SCOMPTOT,SRAM1,SRAM2,SRAM3,SRAM4,SRAM5,SRAM6,SRAM7,SRAM9,SRAMTOT,SRAMN1,SRAMN2,SRAMN3,SRAMN4,SRAMN5,SRAMN6,SRAMN7,SRAMN9,SRAMNTOT,ESTD1,ESTD2,ESTD3,ESTD4,ESTD5,ESTD6,ESTD7,ESTDTOT,MDM1,MDM2,MDM3,MDM4,MDM5,MDM6,MDM7,MDMTOT,KIT1,KIT2,KIT3,KIT4,KIT5,KIT6,KIT7,KITTOT,KITS1,KITS2,KITS3,KITS4,KITS5,KITS6,KITS7,KITSTOT,ENR501,ENR502,ENR503,ENR504,ENR505,ENR506,ENR507,ENR509,ENR50TOT,SMC1,SMC2,SMC3,SMC4,SMC5,SMC6,SMC7,SMCTOT,CLS1,CLS2,CLS3,CLS4,CLS5,CLS6,CLS7,CLSTOT,TCHF1,TCHF2,TCHF3,TCHF4,TCHF5,TCHF6,TCHF7,TCHF9,TCHFTOT,TCHM1,TCHM2,TCHM3,TCHM4,TCHM5,TCHM6,TCHM7,ENRG1,ENRG2,ENRG3,ENRG4,ENRG5,ENRG6,ENRG7,ENRG9,ENRGTOT,C1_B,C2_B,C3_B,C4_B,C5_B,C6_B,C7_B,C8_B,C9_B,C1_G,C2_G,C3_G,C4_G,C5_G,C6_G,C7_G,C8_G,C9_G
2014-15,2901,KARNATAKA,BELGAUM,735,1011,3,28,1,31,28,0,1837,610,858,2,20,0,11,17,0,1518,730,985,3,22,1,31,25,0,1797,732,994,3,27,1,30,25,0,1812,34466,221635,3502,3896,446,12081,4257,28631,308914,1951,7613,119,106,48,500,254,0,10591,66,2,0,0,0,0,0,68,103,9,0,1,0,0,0,113,674,983,3,27,0,28,27,1742,439,763,3,25,1,29,25,1285,448,808,2,24,0,27,23,1332,731,994,3,27,1,30,25,1811,729,985,3,22,1,31,25,1796,735,1011,3,28,1,31,28,1837,716,1002,3,28,1,31,28,1809,99,471,3,21,1,24,22,641,72,108,1,5,0,3,3,0,192,78,110,1,5,0,3,3,0,200,252,113,0,8,0,16,18,407,609,851,0,20,0,9,16,1505,323,457,0,3,0,3,1,787,339,468,0,3,0,3,1,814,513,70,0,4,0,1,2,302,590,573,771,1,15,0,8,4,1372,2196,8582,81,136,12,340,164,11511,982,4179,53,75,42,332,79,0,5742,969,3434,66,31,6,168,175,17094,107862,1497,2301,443,4952,1822,13703,149674,20810,20161,20048,20010,19523,18933,19486,20269,18718,19659,19034,19626,18763,18256,17665,18157,18514,17049
2014-15,2902,KARNATAKA,BAGALKOT,656,1011,4,26,5,61,25,0,1788,494,872,2,7,5,39,23,0,1442,653,964,4,20,5,61,20,0,1727,656,969,4,26,4,61,25,0,1745,36717,224553,1786,1950,1950,24292,4155,21751,317154,1699,6746,97,100,89,975,210,0,9916,7,0,0,0,0,0,0,7,95,6,0,1,0,0,0,102,584,978,4,20,5,58,25,1674,409,764,4,20,5,45,19,1266,458,836,4,22,5,55,20,1400,656,969,4,26,4,61,25,1745,653,964,4,20,5,61,20,1727,656,1011,4,26,5,61,25,1788,645,999,4,26,5,61,25,1765,87,348,4,19,5,31,18,512,220,329,2,17,2,24,4,0,598,226,335,3,19,2,24,4,0,613,369,123,2,25,1,20,18,558,494,863,2,6,4,38,19,1426,403,720,2,4,1,29,8,1167,421,761,2,4,1,29,8,1226,385,21,0,11,0,0,0,206,417,484,825,2,6,4,38,10,1369,2245,8205,50,98,59,738,103,11498,777,3021,51,55,21,444,81,0,4450,922,3725,46,45,68,531,129,17179,109640,679,1229,742,11220,2159,10429,153277,22235,21600,21615,21058,20049,18839,19454,19027,17225,20426,20831,20662,18953,18670,17898,18184,17653,15041
2014-15,2903,KARNATAKA,BIJAPUR (KARNATAKA),1274,1313,2,24,2,68,31,0,2714,863,1099,2,5,1,38,23,0,2031,1273,1216,2,19,2,68,25,0,2605,1273,1233,2,23,1,68,30,0,2630,66408,258604,1336,1941,419,21987,4938,24388,380021,3588,8604,42,107,39,824,263,0,13467,43,1,0,0,0,0,3,47,88,8,0,0,0,0,0,96,1055,1288,2,21,2,68,29,2465,912,1030,2,17,1,57,23,2042,494,908,2,19,2,59,24,1508,1273,1233,2,23,1,68,30,2630,1273,1216,2,19,2,68,25,2605,1263,1311,2,24,2,68,31,2701,1166,1268,2,23,2,67,29,2557,222,480,2,16,1,42,20,783,309,397,1,7,2,15,9,0,740,313,402,2,9,2,15,10,0,753,822,174,0,23,1,20,24,1064,860,1085,1,4,0,38,21,2009,592,828,0,3,0,30,6,1459,629,862,0,3,0,30,7,1531,808,74,0,10,0,1,4,305,897,752,881,1,5,1,31,10,1681,4169,10360,26,102,66,756,150,15629,1606,3641,12,51,0,355,90,0,5755,1982,4963,30,56,39,469,173,30023,127898,473,937,48,9640,2427,10961,182407,29387,28117,26259,25324,24139,21959,21400,21029,18859,26825,26558,25286,22553,22039,20382,19833,18931,15483
2014-15,2904,KARNATAKA,GULBARGA,1253,1456,4,21,0,115,42,0,2891,816,1138,0,7,0,45,36,0,2042,1250,1445,4,14,0,112,34,0,2859,1252,1453,4,21,0,112,41,0,2883,68967,323647,2693,1382,0,41675,5724,23556,467644,3686,10102,39,84,0,1468,337,0,15716,33,1,1,2,0,0,5,42,121,17,0,3,0,0,0,141,1066,1352,4,18,0,107,40,2587,648,957,4,11,0,99,31,1750,652,944,4,16,0,96,30,1742,1252,1453,4,21,0,112,41,2883,1250,1445,4,14,0,112,34,2859,1252,1456,4,21,0,115,42,2890,1132,1383,4,21,0,111,41,2692,216,524,3,18,0,77,24,862,840,851,3,9,0,50,17,0,1770,983,1064,3,14,0,81,35,0,2180,783,224,1,19,0,35,34,1096,815,1138,0,7,0,44,36,2040,439,661,0,3,0,27,7,1137,520,781,0,3,0,32,8,1344,706,57,0,10,0,6,1,642,780,649,797,0,4,0,31,17,1498,4457,12311,43,90,0,1201,194,18296,2061,5658,13,58,0,1016,132,0,8938,1606,4402,26,26,0,449,205,32364,158403,1112,990,0,17943,2792,11207,224811,34881,33585,32492,31471,30673,27864,27155,24712,20687,32255,31996,30807,28333,27867,25917,24927,22709,18898
2014-15,2905,KARNATAKA,BIDAR,903,1157,0,5,1,48,21,0,2135,537,917,0,4,1,16,20,0,1495,902,1149,0,1,1,48,17,0,2118,902,1153,0,5,1,48,21,0,2130,45563,222504,0,661,210,20539,3035,18464,310976,2267,7744,0,20,10,640,182,0,10863,10,2,0,0,0,0,0,12,142,10,0,0,0,0,0,152,752,1107,0,4,1,47,20,1931,542,876,0,3,1,43,10,1475,483,856,0,4,1,41,14,1399,902,1153,0,5,1,48,21,2130,902,1149,0,1,1,48,17,2118,891,1157,0,5,1,48,21,2123,798,1067,0,5,1,48,18,1937,95,313,0,3,1,31,10,453,461,397,0,3,0,9,6,0,876,469,401,0,3,0,9,6,0,888,631,183,0,4,0,11,17,846,537,917,0,4,1,15,20,1494,424,795,0,3,1,14,13,1250,453,840,0,4,1,15,13,1326,595,78,0,0,0,2,0,453,675,426,593,0,4,0,9,4,1036,3312,9520,0,31,12,761,110,13746,1206,3777,0,17,2,364,52,0,5418,1061,3967,0,3,8,276,130,21060,110722,0,617,80,8887,1517,8804,151687,23031,22521,22146,20881,19784,17692,17217,16017,14401,21870,21385,20972,19592,18624,16950,16565,15729,13837
2014-15,2906,KARNATAKA,RAICHUR,919,927,1,11,4,105,38,0,2005,710,770,0,6,3,37,34,0,1560,917,918,1,5,3,105,34,0,1983,919,921,1,11,4,105,38,0,1999,56661,204127,334,917,530,36893,6216,14229,319907,2574,6472,16,31,41,1365,315,0,10814,40,1,0,0,0,1,3,45,153,9,0,1,0,0,1,164,665,783,1,10,3,98,34,1594,471,601,1,5,4,91,26,1199,491,732,1,8,4,90,24,1350,919,921,1,11,4,105,38,1999,917,918,1,5,3,105,34,1983,919,927,1,11,4,105,38,2005,898,911,1,11,4,105,38,1968,98,266,1,3,4,73,25,470,1,1,0,0,0,0,0,0,2,33,11,0,0,0,1,2,0,47,487,151,1,10,1,31,29,710,699,758,0,6,2,37,26,1528,462,580,0,3,0,31,5,1081,514,608,0,3,2,33,7,1167,470,21,0,1,1,2,3,214,498,669,691,0,6,1,34,14,1415,3068,7146,10,61,29,1055,243,11612,1236,3286,6,28,11,790,105,0,5462,1338,3186,10,3,30,575,210,27151,99735,133,694,253,16129,3192,6252,153539,23246,22486,21984,21324,20834,19267,19516,17711,14119,22140,21351,20566,19026,19072,17850,18239,15295,11450
2014-15,2907,KARNATAKA,KOPPAL,528,678,3,8,2,50,32,0,1301,394,565,1,6,2,19,24,0,1011,521,667,3,3,1,50,28,0,1273,528,672,3,8,2,50,32,0,1295,33287,159336,867,802,284,16965,4516,9978,226035,1580,4811,53,24,18,727,276,0,7489,10,0,0,0,0,0,0,10,65,4,0,2,0,0,0,71,452,627,3,7,2,49,31,1171,282,509,1,8,1,44,25,870,373,589,3,8,2,41,26,1042,528,672,3,8,2,50,32,1295,521,667,3,3,1,50,28,1273,526,678,3,8,2,50,32,1299,471,652,3,8,2,47,29,1212,48,230,1,6,1,33,25,344,132,223,1,3,2,10,3,0,374,179,251,2,3,2,11,12,0,460,230,85,1,7,1,18,27,369,391,556,0,5,2,19,18,991,281,493,0,1,2,18,9,804,298,506,0,2,2,18,12,838,233,22,2,1,1,2,6,150,267,332,448,1,6,0,18,7,812,1781,5353,34,28,35,596,164,7991,791,2148,25,15,3,345,112,0,3439,782,2655,28,9,15,381,164,16247,77537,318,670,135,7840,2015,4641,109403,16109,15602,14756,14399,14295,13714,14277,13480,11158,15260,14899,14314,13113,13394,13041,13295,12087,9533
2014-15,2908,KARNATAKA,GADAG,271,504,0,15,3,49,17,0,859,193,439,0,3,3,34,15,0,687,263,451,0,13,2,49,14,0,792,269,458,0,15,2,49,17,0,810,18234,104790,0,1338,747,14501,2850,11265,153725,909,3557,0,64,96,735,169,0,5530,3,0,0,0,0,0,0,3,25,6,0,1,0,0,0,32,247,490,0,12,3,45,17,814,194,414,0,11,3,43,12,677,222,448,0,15,3,43,14,745,269,458,0,15,2,49,17,810,263,451,0,13,2,49,14,792,268,504,0,15,3,49,17,856,269,503,0,15,3,49,17,856,65,261,0,9,3,35,15,388,103,214,0,10,3,21,4,0,355,108,214,0,10,3,22,5,0,362,107,41,0,12,0,8,10,178,193,438,0,3,3,34,15,686,125,348,0,2,3,27,8,513,136,369,0,2,3,28,8,546,139,16,0,4,0,0,0,219,159,185,409,0,3,2,31,6,636,1135,4526,0,69,47,473,101,6351,513,1696,0,36,25,329,52,0,2651,393,1856,0,28,71,406,110,8665,51804,0,689,354,6370,1500,5431,74813,10647,10242,10295,9920,8993,9191,9640,9984,8803,9984,9791,10136,9098,8778,8692,9113,9221,8254
2014-15,2909,KARNATAKA,DHARWAD,363,692,2,9,2,124,19,0,1211,231,587,2,3,1,42,16,0,882,359,642,2,7,2,119,16,0,1147,361,652,2,9,2,119,17,0,1162,22458,159989,1219,563,468,56000,3293,15006,258996,1095,5371,36,31,31,1998,200,0,8762,10,0,0,0,0,0,2,12,31,1,0,0,0,0,0,32,317,656,2,7,2,120,17,1121,225,529,2,6,2,117,12,893,242,558,2,7,2,116,15,942,361,652,2,9,2,119,17,1162,359,642,2,7,2,119,16,1147,363,692,2,9,2,124,19,1211,337,681,2,8,2,123,18,1171,111,393,2,7,2,113,14,642,87,182,1,5,0,17,4,0,296,108,206,1,5,1,30,10,0,361,176,75,0,9,0,31,13,304,231,587,1,3,1,40,16,879,0,0,0,0,1,0,3,4,0,1,0,1,1,0,3,6,211,24,0,4,0,4,0,223,243,225,540,1,3,1,31,4,805,1448,6538,29,32,13,1566,92,9718,781,3442,13,26,7,1393,89,0,5751,314,1929,23,5,24,605,111,10620,81178,464,319,196,24629,1481,7418,126305,17552,17047,16939,16261,15949,15678,16364,16901,15836,16843,16166,16373,15269,15209,15055,15532,15858,14711
2014-15,2910,KARNATAKA,UTTARA KANNADA,527,530,4,6,0,22,16,1,1106,505,494,2,0,0,8,14,0,1023,525,523,4,6,0,22,14,0,1094,527,526,4,6,0,22,15,0,1100,13039,49023,2931,518,0,6027,2600,8264,82402,1155,2630,111,23,0,266,155,0,4340,46,0,0,0,0,0,0,46,49,9,0,0,0,0,0,58,420,487,4,6,0,20,16,953,331,422,4,5,0,20,14,796,360,457,4,3,0,18,15,857,527,526,4,6,0,22,15,1100,525,523,4,6,0,22,14,1094,527,530,4,6,0,22,16,1105,527,528,4,6,0,22,16,1103,50,258,4,5,0,20,13,350,246,237,3,3,0,8,5,0,502,272,249,3,4,0,10,8,0,546,56,19,3,4,0,8,6,96,503,492,0,0,0,8,13,1016,452,442,0,0,0,8,5,907,479,471,0,0,0,8,10,968,497,193,0,2,0,2,0,127,695,496,484,1,0,0,7,7,995,1262,3180,66,21,0,180,76,4785,746,1911,64,21,0,189,71,0,3002,406,713,47,2,0,77,84,6563,23913,1283,247,0,2763,1393,4039,40201,5161,4925,5192,5145,5029,5444,5353,5952,6047,4979,4872,4962,4849,4903,4936,5135,5565,5636
2014-15,2911,KARNATAKA,HAVERI,581,833,2,5,2,48,23,0,1494,477,743,0,4,2,12,19,0,1257,577,794,2,5,2,48,17,0,1445,580,800,2,5,2,47,23,0,1459,27195,152865,1322,422,391,20434,3263,16818,222710,1613,5577,48,15,36,773,244,0,8306,3,0,0,0,0,0,1,4,37,3,0,0,0,0,0,40,573,831,2,5,2,47,22,1482,285,596,2,5,2,44,16,950,392,688,2,4,1,38,16,1141,580,800,2,5,2,47,23,1459,577,794,2,5,2,48,17,1445,581,833,2,5,2,48,23,1494,581,833,2,5,2,48,23,1494,580,833,2,5,2,48,22,1492,404,675,0,2,1,20,6,0,1108,533,795,2,5,2,47,22,0,1406,184,76,2,1,0,25,18,306,477,743,0,4,2,12,19,1257,297,693,0,3,1,10,11,1015,313,714,0,3,1,10,11,1052,386,26,0,2,0,0,0,265,414,440,682,0,3,1,11,5,1142,1924,6472,29,14,11,577,85,9112,809,2639,40,5,10,461,82,0,4046,802,2935,8,10,26,312,162,13161,75540,523,142,168,9189,1933,7970,108626,15091,14421,14835,14443,13725,13529,13997,14043,12417,14073,13829,14130,13215,13404,12897,13614,13464,12148
2014-15,2912,KARNATAKA,BELLARY,771,1106,2,13,1,73,40,0,2006,534,864,2,6,1,20,36,0,1463,771,1098,2,7,1,73,33,0,1985,770,1100,2,13,1,73,38,0,1997,45642,281110,1244,962,235,33677,6373,21599,390842,2300,8006,44,59,9,966,337,0,11721,19,0,0,0,1,0,10,30,100,12,0,0,0,0,0,112,666,1003,2,11,1,69,35,1787,367,726,2,10,1,63,24,1193,476,872,2,10,1,66,32,1459,770,1100,2,13,1,73,38,1997,771,1098,2,7,1,73,33,1985,769,1106,2,13,1,73,40,2004,739,1085,2,13,1,73,40,1953,140,464,2,11,1,61,25,704,388,613,1,8,0,16,6,0,1032,576,822,1,11,1,32,29,0,1472,341,129,0,12,0,30,32,544,518,839,1,4,1,19,28,1410,261,414,0,0,1,6,3,685,309,458,0,0,1,7,8,783,412,36,0,5,0,1,1,351,455,479,748,2,5,1,18,13,1266,2993,9238,28,42,1,902,140,13344,1189,4221,15,38,1,603,104,0,6171,1105,3778,29,21,8,363,233,21508,138215,545,752,89,14696,3005,9929,188739,28080,27045,26423,25908,24798,23559,23529,22761,19501,26299,25835,25097,23273,23106,22594,21939,20596,16146
2014-15,2913,KARNATAKA,CHITRADURGA,928,1031,3,18,1,23,23,0,2027,862,894,0,12,1,5,22,0,1796,928,1028,3,16,1,23,18,0,2017,928,1029,3,18,1,23,23,0,2025,28149,146296,1824,1205,234,8495,3523,18465,208191,2119,5949,66,56,23,308,185,0,8706,110,2,0,1,0,1,6,120,101,8,0,0,0,0,0,109,825,990,3,16,1,23,22,1880,430,687,3,16,1,20,17,1174,614,842,3,15,1,20,17,1512,926,1028,3,18,1,23,23,2022,926,1027,3,16,1,23,18,2014,927,1031,3,18,1,23,23,2026,914,1019,3,17,1,22,22,1998,49,279,3,5,1,19,19,375,776,784,0,10,1,6,11,0,1588,814,898,2,14,1,19,21,0,1769,207,90,2,7,0,13,19,338,856,889,0,11,1,5,19,1781,736,822,0,10,0,5,8,1581,772,843,0,11,0,5,10,1641,802,91,0,7,0,0,0,328,900,836,837,0,10,1,5,12,1701,2282,6647,49,56,6,219,80,9339,955,3185,40,30,7,179,65,0,4461,1164,2764,26,26,16,129,120,13802,71164,740,661,91,3818,1923,8798,100997,13865,13514,13520,13162,13224,13207,13321,13381,12866,13289,12913,13147,11977,12316,12535,12537,12283,12242
2014-15,2914,KARNATAKA,DAVANAGERE,815,1037,0,34,1,36,19,0,1942,667,831,0,14,1,8,18,0,1539,815,1019,0,32,1,35,14,0,1916,815,1022,0,34,1,36,19,0,1927,34506,180295,0,2641,238,16233,2859,24686,261458,2286,7260,0,144,19,752,173,0,10634,30,2,0,2,0,0,2,36,67,2,0,0,0,0,0,69,726,989,0,34,1,33,19,1802,405,749,0,29,1,29,14,1227,625,864,0,21,1,32,14,1557,815,1022,0,34,1,36,19,1927,815,1019,0,32,1,35,14,1916,815,1036,0,34,1,36,19,1941,782,1009,0,31,1,36,19,1878,95,428,0,16,1,31,13,584,183,251,0,2,0,6,0,0,442,201,268,0,2,0,8,2,0,481,196,122,0,13,1,18,15,365,665,829,0,14,0,7,9,1524,608,753,0,12,0,7,7,1387,625,803,0,13,0,7,7,1455,590,60,0,15,0,2,0,362,667,658,792,0,12,0,6,5,1473,2708,8321,0,134,3,377,54,11597,1234,3827,0,66,3,491,66,0,5687,1052,3433,0,78,16,261,107,16707,87881,0,1331,110,7152,1650,11898,126729,17653,17108,17034,16411,16732,16415,16794,16582,15468,16315,15954,16321,15253,15759,15543,16083,15501,14472
2014-15,2915,KARNATAKA,SHIMOGA,1024,1204,4,16,0,56,22,0,2326,947,1019,0,9,0,15,17,0,2007,1024,1198,4,16,0,55,20,0,2317,1024,1197,4,16,0,56,22,0,2319,27309,145072,1862,1246,0,16027,2761,22438,216715,1993,6342,61,60,0,671,181,0,9308,82,1,1,1,0,1,0,86,229,25,0,2,0,0,0,256,853,1140,4,16,0,56,19,2088,537,833,4,10,0,51,18,1453,841,1069,4,15,0,47,18,1994,1024,1197,4,16,0,56,22,2319,1024,1198,4,16,0,55,20,2317,1024,1204,4,16,0,56,22,2326,974,1173,4,16,0,55,22,2244,27,322,4,8,0,38,15,414,82,98,0,3,0,4,1,0,188,139,134,0,3,0,5,2,0,283,158,89,3,5,0,28,15,298,944,978,0,7,0,14,10,1953,667,722,0,6,0,12,8,1415,677,739,0,6,0,12,8,1442,930,268,0,6,0,4,0,261,1208,918,960,0,5,0,12,4,1899,2411,7466,28,59,0,510,87,10561,1046,3878,33,39,0,491,91,0,5578,947,2464,28,21,0,180,90,13325,71145,728,577,0,7513,1440,10768,105496,13857,13573,13532,13557,13875,13802,14073,14950,14229,13321,12925,13126,12561,13192,13328,13295,13748,13629
2014-15,2916,KARNATAKA,UDUPI,274,650,6,7,5,20,6,0,968,262,556,0,4,4,2,6,0,834,274,650,6,7,5,20,6,0,968,274,649,6,7,5,20,6,0,967,7324,92096,4360,302,808,6010,665,13941,125506,600,3468,146,15,85,278,48,0,4640,4,1,0,0,0,0,1,6,42,39,0,3,0,0,0,84,232,628,6,7,5,20,6,904,183,571,6,7,5,20,3,795,103,500,5,4,4,16,5,637,269,641,6,7,5,20,6,954,274,650,6,7,5,20,6,968,273,650,6,7,5,20,6,967,262,646,6,7,5,20,6,952,23,340,6,4,5,20,5,403,232,402,1,2,2,2,1,0,642,240,507,2,5,3,9,4,0,770,41,60,3,2,0,14,4,124,261,556,0,4,4,2,5,832,236,482,0,3,4,2,1,728,256,523,0,4,4,2,1,790,251,130,0,5,0,0,1,198,387,259,538,0,4,3,2,2,808,805,4835,78,16,26,181,15,5956,339,2453,119,13,33,226,33,0,3216,261,1015,27,2,52,52,15,3605,44837,1968,145,313,2818,293,6709,60688,7965,7808,7703,7832,7951,8080,8357,9122,9332,7494,7200,7581,7336,7444,7548,7767,8318,8585
2014-15,2917,KARNATAKA,CHIKKAMANGALORE,864,836,4,2,2,37,20,1,1766,815,718,0,0,2,7,19,1,1561,863,832,4,2,2,37,18,0,1758,864,831,4,2,2,37,20,0,1760,17135,77906,2331,233,380,10310,2825,12922,124042,1656,4449,118,8,37,469,167,0,6904,54,0,0,0,0,1,1,56,182,21,0,0,0,0,0,203,784,791,4,2,2,33,20,1636,513,674,4,2,2,36,18,1249,649,763,4,2,2,32,14,1466,864,831,4,2,2,37,20,1760,863,832,4,2,2,37,18,1758,864,836,4,2,2,37,20,1765,847,834,4,2,2,37,20,1746,46,349,4,2,2,32,18,453,108,247,0,0,1,7,3,0,366,229,282,0,0,1,8,3,0,523,132,53,2,2,1,19,16,225,803,710,0,0,0,4,12,1529,666,638,0,0,0,4,8,1316,684,653,0,0,0,4,8,1349,820,306,0,0,0,2,0,281,1128,768,691,0,0,1,4,9,1473,2077,5420,58,6,25,329,58,7973,766,2507,76,7,10,331,57,0,3754,890,1942,42,1,27,138,110,8488,37984,1063,148,156,4688,1453,6177,60157,7921,7722,7806,7640,7754,8183,8144,8715,8675,7466,7389,7414,7210,7450,7496,7828,7904,8362
2014-15,2918,KARNATAKA,TUMKUR,1483,962,0,16,1,41,14,0,2517,1431,796,0,11,1,5,14,0,2258,1482,960,0,16,1,41,10,0,2510,1483,961,0,16,1,41,13,0,2515,31632,115853,0,987,228,19824,1891,21144,191559,2844,5115,0,42,17,695,111,0,8824,179,0,0,0,0,0,0,179,302,11,0,6,0,0,0,319,1304,918,0,14,1,41,12,2290,477,591,0,14,1,40,11,1134,1081,805,0,10,1,40,9,1946,1483,961,0,16,1,41,13,2515,1482,960,0,16,1,41,10,2510,1483,962,0,16,1,41,14,2517,1457,948,0,16,1,40,14,2476,76,381,0,4,1,37,7,506,254,227,0,2,0,4,1,0,488,306,248,0,2,0,4,1,0,561,135,67,0,2,0,16,13,233,1428,796,0,11,0,4,12,2251,1244,731,0,5,0,4,3,1987,1310,765,0,9,0,4,9,2097,1425,238,0,10,0,0,0,423,1673,1410,778,0,11,0,4,9,2212,3333,6288,0,49,17,565,44,10296,1509,3451,0,18,6,470,33,0,5487,1335,1651,0,24,11,225,78,15867,55613,0,471,108,8897,1105,9521,91582,12085,11800,12316,12161,12640,12376,12266,14333,14605,11714,11600,11497,11257,11113,11294,11061,12046,12227
2014-15,2919,KARNATAKA,KOLAR,1282,821,5,8,0,85,20,0,2221,1227,655,0,8,0,13,20,0,1923,1282,816,5,4,0,85,16,0,2208,1282,819,5,7,0,85,20,0,2218,32146,111071,3222,739,0,29555,2508,12730,191971,2584,4733,106,33,0,1259,138,0,8853,202,0,0,0,0,0,0,202,243,17,0,0,0,0,0,260,1175,796,5,8,0,85,20,2089,525,502,5,8,0,74,14,1128,917,678,5,7,0,81,18,1706,1281,819,5,7,0,85,20,2217,1281,816,5,4,0,85,16,2207,1281,821,5,8,0,85,20,2220,1253,813,5,8,0,85,20,2184,117,410,5,4,0,79,12,627,221,168,2,3,0,8,2,0,404,238,172,2,3,0,9,3,0,427,160,90,2,3,0,44,16,315,1227,649,0,8,0,12,20,1916,1146,614,0,8,0,12,15,1795,1173,625,0,8,0,12,16,1834,1196,196,1,3,0,2,3,190,1401,1221,628,0,8,0,10,7,1874,2945,5793,82,45,0,975,76,9916,1313,3186,53,26,0,887,50,0,5515,1271,1547,53,7,0,372,88,16657,54075,1389,524,0,13045,1299,6336,93325,12960,12591,12368,12443,12313,11789,11855,12327,11717,12130,11680,12016,11482,11988,11313,11181,11535,11060
2014-15,2920,KARNATAKA,BANGALORE U SOUTH,744,1113,746,4,4,258,7,1,2877,462,637,7,3,0,7,4,0,1120,744,1104,740,4,4,257,6,0,2859,743,1108,744,3,3,258,6,0,2865,40501,217114,332229,242,527,104358,574,21457,717002,2074,8161,12712,9,42,4226,58,0,27282,57,3,3,0,1,1,0,65,98,26,4,1,0,3,0,132,668,1068,736,4,4,249,7,2737,325,762,647,3,4,230,7,1978,549,955,703,3,4,241,7,2462,728,1107,743,3,3,258,6,2848,729,1103,739,4,4,257,6,2842,719,1110,743,4,4,256,7,2844,738,1112,745,4,4,258,7,2869,331,833,730,2,4,248,6,2154,103,120,26,0,2,24,0,0,275,124,164,36,0,2,36,0,0,362,325,306,267,1,3,151,3,1057,462,634,2,3,0,6,4,1111,124,63,0,0,0,0,1,188,138,76,0,0,0,1,1,216,487,176,23,1,1,9,2,272,700,452,539,3,1,0,5,2,1002,2896,9758,12181,9,29,3966,54,28893,1742,6888,10759,7,25,3545,43,0,23009,332,1273,1953,2,17,681,15,19825,110047,159222,64,198,48963,266,10751,349336,55899,51419,47846,45944,44318,41589,40402,40249,36944,52735,47717,45734,43908,42442,39983,38719,38098,35109
2014-15,2921,KARNATAKA,BANGALORE RURAL,734,528,14,4,1,80,5,1,1367,690,448,1,3,1,6,5,1,1154,733,524,13,4,1,80,4,0,1359,734,525,14,4,1,80,5,0,1363,17425,57903,4430,356,229,29434,614,8331,118722,1731,3068,226,18,28,1355,46,0,6472,124,3,2,1,0,0,1,131,123,8,0,0,0,0,0,131,694,510,14,4,1,76,5,1304,256,309,14,2,1,76,4,662,579,455,12,4,1,72,4,1127,733,525,14,4,1,80,5,1362,732,524,13,4,1,80,4,1358,733,528,14,4,1,80,5,1365,724,518,14,4,1,80,5,1346,65,237,12,2,1,74,5,396,170,132,2,2,0,13,0,0,319,252,166,6,2,0,37,0,0,463,43,47,5,1,0,36,4,136,686,439,0,3,1,6,3,1138,476,313,0,0,1,4,1,795,527,343,0,2,1,4,1,878,691,158,4,1,0,4,1,109,860,659,426,0,3,0,6,3,1097,1690,3368,169,15,15,1011,27,6295,918,1911,135,13,10,900,19,0,3906,803,1149,91,5,18,442,27,8679,28595,1946,178,96,13419,348,4043,57304,8387,8113,7732,7785,7579,7210,7148,7464,7399,7730,7479,7307,6972,7010,6854,6827,7125,7037
2014-15,2922,KARNATAKA,MANDYA,988,1046,4,13,1,42,28,0,2122,924,867,1,9,1,3,26,0,1831,982,1038,4,10,1,42,22,0,2099,987,1037,4,13,1,42,27,0,2111,23391,121873,797,1561,224,14322,4361,18928,185457,1872,5201,71,64,20,576,228,0,8032,63,0,0,0,0,2,2,67,268,41,0,0,0,0,0,309,948,1028,4,13,1,40,28,2062,454,721,4,9,1,39,19,1247,805,892,4,11,1,35,18,1766,986,1037,4,13,1,42,27,2110,981,1038,4,10,1,42,22,2098,988,1045,4,13,1,42,28,2121,986,1044,4,13,1,42,28,2118,56,414,3,8,1,39,24,545,330,239,1,4,0,3,4,0,581,334,247,2,4,0,3,4,0,594,64,71,2,3,0,24,21,185,921,853,1,7,1,3,18,1804,799,738,0,6,1,2,4,1550,824,769,0,6,1,2,7,1609,918,239,0,3,0,2,0,300,1162,921,834,1,9,1,3,8,1777,2500,7242,56,61,6,457,118,10440,864,3124,44,46,13,411,95,0,4597,1008,2077,27,18,7,165,133,11881,58754,332,827,104,6295,2169,8891,89253,12310,11921,11421,11411,11911,12221,12073,12936,12974,11768,11072,10941,10316,11164,11271,11119,11602,11917
2014-15,2923,KARNATAKA,HASSAN,1476,1217,0,21,1,42,27,0,2784,1409,1037,0,10,1,2,27,0,2486,1476,1205,0,19,1,42,22,0,2765,1475,1207,0,20,1,42,27,0,2772,30366,111827,0,1652,220,18043,3870,21214,187192,2899,5832,0,71,23,705,200,0,9730,216,1,0,0,0,2,6,225,263,15,0,1,0,0,0,279,1462,1208,0,20,1,42,27,2760,689,786,0,17,1,40,14,1547,1032,949,0,21,1,40,19,2062,1475,1207,0,20,1,42,27,2772,1476,1205,0,19,1,42,22,2765,1476,1217,0,21,1,42,27,2784,1475,1215,0,21,1,42,27,2781,72,402,0,14,1,39,22,550,494,578,0,6,0,7,3,0,1088,1033,809,0,9,1,29,20,0,1901,144,71,0,10,0,20,23,268,1406,1030,0,10,1,1,11,2459,1269,958,0,6,1,1,2,2237,1321,1003,0,7,1,1,3,2336,1416,473,0,6,0,0,0,408,1895,1409,1037,0,10,1,2,24,2483,3262,7433,0,83,2,489,83,11352,1386,3379,0,46,8,499,72,0,5390,1512,2453,0,25,15,206,128,15160,55163,0,829,106,8058,2134,10337,91787,12026,11696,11622,11600,11796,11866,12019,12780,13096,11508,11475,11406,10752,11204,11570,11685,12187,12798
2014-15,2924,KARNATAKA,DAKSHINA KANNADA,337,1077,3,20,1,27,11,0,1476,294,850,1,8,1,11,10,0,1175,337,1072,3,19,1,27,9,0,1468,337,1074,3,18,1,27,9,0,1469,12292,205075,1329,1651,195,7889,1350,26821,256602,668,6647,39,61,24,279,71,0,7789,2,0,1,1,0,0,1,5,94,43,0,1,0,0,0,138,310,1038,3,20,1,27,10,1409,308,1012,3,19,1,27,7,1377,249,863,3,18,1,25,8,1167,337,1074,3,18,1,27,9,1469,337,1072,3,19,1,27,9,1468,337,1077,3,20,1,27,11,1476,337,1076,3,20,1,27,11,1475,47,592,3,12,1,23,11,689,79,278,3,7,0,13,1,0,381,90,354,3,12,0,15,2,0,476,68,118,2,11,1,12,6,218,292,849,0,8,1,10,7,1167,267,693,0,2,1,7,4,974,267,722,0,2,1,8,4,1004,282,117,1,6,0,4,0,438,410,286,822,1,8,1,8,5,1131,1177,8859,40,84,5,304,33,10502,508,5434,28,44,5,230,50,0,6299,160,1213,11,17,19,49,21,5929,99483,564,655,102,3595,697,12724,123749,16001,15930,15892,16350,16411,16789,17058,18422,19086,14867,15006,14985,15242,15263,15279,15967,17140,17177
2014-15,2925,KARNATAKA,KODAGU,163,347,1,1,3,22,5,0,542,143,283,0,1,3,4,5,0,439,163,347,1,1,3,22,5,0,542,163,347,1,1,2,22,5,0,541,4357,46543,389,65,610,7154,729,5944,65791,373,2019,22,0,56,337,48,0,2855,6,3,0,0,0,0,1,10,30,15,0,0,0,0,0,45,156,340,1,1,3,22,5,528,116,308,1,1,3,21,4,454,140,314,1,0,2,20,5,482,163,347,1,1,2,22,5,541,163,347,1,1,3,22,5,542,163,347,1,1,3,22,5,542,157,344,1,1,3,22,5,533,25,243,1,0,3,22,5,299,45,81,0,1,0,5,0,0,132,48,81,0,1,1,5,1,0,137,38,32,0,1,1,8,4,84,141,283,0,0,1,3,4,432,118,251,0,0,1,2,0,372,132,257,0,0,1,2,0,392,151,84,0,0,0,1,0,129,236,141,267,0,0,3,3,0,414,497,2352,8,2,22,229,13,3123,287,1653,22,0,23,274,11,0,2270,86,366,0,0,33,63,34,2180,23244,159,33,205,3273,359,2795,32248,4022,3999,3950,4018,4174,4295,4452,4633,4669,3880,3914,3954,3907,4013,4082,4203,4295,4373
2014-15,2926,KARNATAKA,MYSORE,1088,1348,33,21,3,107,26,0,2626,964,1072,7,13,3,24,23,0,2106,1084,1336,32,14,3,106,21,0,2596,1087,1341,31,21,2,106,26,0,2614,38596,229977,14710,2108,410,40845,3570,29891,360107,3060,9940,774,127,51,1988,293,0,16233,84,0,0,0,0,0,2,86,69,7,0,0,0,0,0,76,1028,1319,33,20,3,107,26,2536,488,902,33,19,2,99,17,1560,938,1262,31,17,3,102,21,2374,1076,1340,31,21,2,106,26,2602,1074,1336,32,14,3,106,21,2586,1086,1348,33,21,3,107,26,2624,1043,1319,33,21,3,105,23,2547,162,724,33,16,3,98,16,1052,230,298,1,1,0,14,3,0,547,260,325,1,3,0,16,5,0,610,197,108,6,11,2,47,24,395,959,1061,4,13,3,24,20,2084,830,876,1,7,2,19,10,1745,866,924,1,8,2,19,10,1830,899,129,1,2,0,4,0,379,1035,947,1004,3,11,0,24,13,2002,2955,10264,465,110,13,1218,95,15120,1668,6307,523,86,14,1389,107,0,10094,1330,3348,212,36,31,393,160,19655,112800,6714,1211,114,19114,1846,14524,175978,23757,22859,22364,22559,23025,22804,22421,24340,23657,23306,21737,21535,21069,21756,21759,21481,23335,22540
2014-15,2927,KARNATAKA,CHAMARAJANAGARA,416,514,0,13,0,5,17,0,965,378,436,0,4,0,3,17,0,838,416,512,0,12,0,5,14,0,959,415,512,0,13,0,5,17,0,962,14396,82340,0,1224,0,1754,2350,8691,110755,955,2967,0,55,0,91,151,0,4219,42,1,0,0,0,0,2,45,95,22,0,0,0,0,0,117,322,474,0,12,0,4,16,828,165,315,0,11,0,5,9,505,300,443,0,11,0,4,12,770,406,509,0,13,0,5,17,950,416,512,0,12,0,5,14,959,416,514,0,13,0,5,17,965,370,493,0,12,0,5,15,895,34,220,0,7,0,3,11,275,40,93,0,0,0,2,1,0,136,55,103,0,0,0,2,1,0,161,82,35,0,8,0,2,16,143,376,435,0,3,0,3,17,834,293,349,0,2,0,2,2,648,344,382,0,2,0,2,14,744,340,61,0,2,0,0,0,173,403,348,413,0,3,0,3,4,771,1111,3568,0,61,0,43,56,4839,442,1662,0,37,0,47,54,0,2242,513,1303,0,18,0,41,97,6928,40070,0,567,0,817,1271,4170,53823,7341,7152,7132,7109,7183,6986,6923,7106,6923,6894,6796,6816,6685,6615,6676,6632,6709,6658
2014-15,2928,KARNATAKA,BANGALORE U NORTH,457,720,42,4,3,652,8,0,1886,259,416,7,2,3,19,2,0,708,456,708,41,4,3,652,8,0,1872,457,712,42,4,3,652,8,0,1878,30313,162552,29086,427,289,252831,598,18535,494631,1560,5597,979,25,30,10155,55,0,18401,22,2,0,0,0,3,0,27,27,9,0,0,0,1,0,37,393,692,38,3,3,636,8,1773,200,495,28,3,3,536,7,1272,392,627,39,4,3,618,5,1688,455,712,41,4,3,652,8,1875,454,708,40,4,3,652,8,1869,455,720,41,4,3,651,8,1882,449,716,39,4,3,648,8,1867,190,540,34,3,2,626,6,1401,146,106,10,0,0,57,2,0,321,153,132,10,0,0,86,2,0,383,222,171,18,2,0,217,4,634,256,411,3,2,2,16,2,692,0,5,0,0,0,0,0,5,0,10,0,0,0,1,0,11,271,84,3,1,2,34,3,278,398,214,315,2,1,1,11,0,544,2094,6843,796,35,18,9904,53,19743,1291,4744,799,18,11,8456,37,0,15356,268,850,179,7,19,1699,18,14721,81983,14712,203,115,117495,230,9056,238515,36641,34403,33009,32458,31599,29793,28870,29343,28137,34188,31360,30701,30380,29512,27798,27490,27086,25529
2014-15,2929,KARNATAKA,CHIKKABALLAPURA,1032,727,1,9,2,45,20,0,1836,990,572,0,6,2,3,17,0,1590,1032,722,1,5,1,45,16,0,1822,1029,721,1,8,2,45,19,0,1825,24699,97808,70,1067,382,14700,2609,10646,151981,1954,4065,14,35,26,531,157,0,6782,121,2,0,0,0,0,2,125,214,18,0,0,0,0,0,232,891,684,1,9,2,45,20,1652,414,480,1,7,2,43,14,961,681,593,1,9,2,40,19,1345,1029,720,1,8,2,45,19,1824,1032,721,1,5,1,45,16,1821,1032,725,1,9,2,44,20,1833,1010,710,1,9,2,42,19,1793,57,303,1,7,2,40,13,423,101,94,0,0,0,3,1,0,199,189,134,0,1,1,3,2,0,330,119,74,1,5,1,25,17,242,985,567,0,5,2,3,14,1576,805,489,0,4,2,3,7,1310,883,522,0,4,2,3,9,1423,970,165,0,2,0,4,2,237,1143,944,532,0,6,1,3,5,1491,2415,5257,5,39,5,489,90,8300,791,2275,11,21,11,341,50,0,3500,1161,1787,3,14,15,190,106,12674,47063,19,629,250,6256,1338,5109,73338,10428,9851,9679,9888,10024,9362,9295,10116,9604,9783,9232,9178,9062,9002,8918,8842,9321,9214
2014-15,2930,KARNATAKA,BELGAUM CHIKKODI,963,1418,1,23,3,59,43,0,2510,795,1160,0,7,3,23,33,0,2021,959,1353,1,20,3,59,39,0,2434,962,1363,1,23,3,59,42,0,2453,45727,289536,0,2292,1260,23411,7524,30555,400305,2152,8894,3,84,65,837,443,0,12478,60,3,0,3,0,1,5,72,253,25,0,0,0,0,0,278,833,1354,1,23,3,59,42,2315,700,1211,1,19,3,53,35,2022,531,1097,1,21,3,51,35,1739,962,1363,1,23,3,59,42,2453,959,1353,1,20,3,59,39,2434,963,1418,1,23,3,59,43,2510,699,1294,1,23,3,56,40,2116,86,393,0,11,3,44,37,574,215,313,0,6,0,7,2,0,543,230,321,0,7,0,9,3,0,570,429,189,1,13,0,21,29,682,792,1147,0,6,3,22,31,2001,368,655,0,2,3,12,5,1045,412,704,0,3,3,15,5,1142,663,106,1,5,0,0,2,309,777,744,1048,0,4,1,20,13,1830,2806,10609,4,81,26,628,257,14411,961,4052,3,45,25,407,139,0,5632,1191,4842,0,39,40,430,304,21995,141308,0,1060,576,9696,3177,14288,192100,28181,27497,26710,26271,24622,24526,25265,25133,23202,26135,25763,25530,23748,22802,22401,23129,22592,20029
2014-15,2931,KARNATAKA,TUMKUR MADHUGIRI,825,592,0,4,0,20,16,0,1457,785,535,0,4,0,2,15,0,1341,825,590,0,3,0,20,12,0,1450,824,590,0,4,0,20,16,0,1454,21016,70078,0,321,0,6977,2337,11764,112493,1608,2938,0,12,0,303,122,0,4983,92,0,0,0,0,0,2,94,174,11,0,0,0,0,0,185,730,553,0,4,0,19,16,1322,387,389,0,2,0,18,13,809,663,551,0,4,0,17,13,1248,824,590,0,4,0,20,16,1454,825,590,0,3,0,20,12,1450,825,592,0,4,0,20,16,1457,794,580,0,4,0,18,16,1412,45,204,0,2,0,18,12,281,185,212,0,2,0,5,3,0,407,212,221,0,2,0,5,3,0,443,115,19,0,1,0,14,14,163,739,534,0,3,0,2,3,1281,694,524,0,3,0,2,2,1225,713,533,0,3,0,2,2,1253,765,66,0,2,0,0,1,198,834,759,528,0,4,0,2,9,1302,1864,3670,0,18,0,181,54,5787,708,1484,0,9,0,164,37,0,2402,900,1454,0,3,0,139,85,10439,34015,0,225,0,2858,1360,5661,54558,7590,7199,7150,7124,7363,6981,6916,7612,7574,7235,6877,6859,6326,6893,6498,6642,7228,7221
2014-15,2932,KARNATAKA,RAMANAGARA,935,588,3,8,0,24,22,0,1580,904,466,0,6,0,3,22,0,1401,935,587,3,6,0,24,19,0,1574,935,585,3,7,0,24,22,0,1576,20261,75352,989,681,0,6761,2808,11073,117925,1764,3190,48,35,0,327,156,0,5520,185,0,0,0,0,2,5,192,261,16,0,0,0,0,0,277,864,573,3,8,0,24,22,1494,308,383,3,8,0,22,18,742,638,492,3,7,0,21,20,1181,934,585,3,7,0,24,22,1575,934,587,3,6,0,24,19,1573,934,588,3,8,0,24,22,1579,934,588,3,8,0,24,22,1579,63,311,3,4,0,22,19,422,58,44,0,0,0,0,1,0,103,139,69,0,0,0,2,2,0,212,71,58,2,2,0,16,17,166,893,464,0,5,0,2,14,1378,807,433,0,2,0,2,11,1255,851,448,0,5,0,2,12,1318,885,133,0,1,0,0,1,211,1020,873,449,0,6,0,3,5,1336,2028,4102,34,42,0,230,59,6495,910,2080,37,25,0,219,56,0,3327,854,1110,11,10,0,108,100,10249,36434,388,381,0,2815,1300,5402,56969,7893,7570,7363,7427,7530,7602,7753,7818,7873,7443,7173,7197,6764,7111,6739,7276,7266,7276
2014-15,2933,KARNATAKA,YADAGIRI,639,569,0,6,1,14,18,0,1247,467,481,0,3,1,10,17,0,979,636,565,0,3,1,14,15,0,1234,639,565,0,6,1,14,18,0,1243,43007,151463,0,620,234,6599,2763,10901,215587,1591,3505,0,18,14,171,145,0,5444,13,1,0,0,0,1,3,18,107,12,0,0,0,0,0,119,485,512,0,4,1,10,14,1026,297,340,0,6,1,13,10,667,273,367,0,4,1,10,11,666,586,541,0,6,1,14,17,1165,630,563,0,3,1,14,15,1226,638,569,0,6,1,14,18,1246,578,540,0,6,1,14,16,1155,47,166,0,1,1,8,11,234,340,324,0,2,1,9,6,0,682,397,377,0,2,1,13,11,0,801,360,69,0,5,0,5,15,454,467,480,0,3,1,10,15,976,210,247,0,0,0,6,4,467,256,294,0,1,0,8,4,563,276,10,0,1,0,0,1,113,288,424,426,0,3,1,9,1,864,2056,4507,0,22,7,120,50,6762,709,1527,0,15,4,69,33,0,2357,882,1978,0,3,10,102,112,20281,71812,0,532,86,2916,1350,4637,101614,17261,16486,15872,14713,14229,12774,12364,10274,8077,15972,15099,14780,13196,12675,11444,10314,8134,6059
2014-15,2934,KARNATAKA,UTTARA KANNADA SIRSI,661,552,2,2,1,12,9,0,1239,649,524,1,1,1,6,8,0,1190,661,550,2,2,1,12,7,0,1235,661,550,2,2,1,12,9,0,1237,15579,63712,674,77,213,2588,911,8676,92430,1065,2461,24,3,24,149,78,0,3804,14,0,0,0,0,0,1,15,211,26,0,1,0,0,0,238,487,499,2,2,1,12,9,1012,423,430,2,2,1,11,5,874,428,480,2,2,1,12,4,929,661,550,2,2,1,12,9,1237,661,550,2,2,1,12,7,1235,660,552,2,2,1,12,9,1238,646,548,2,2,1,12,9,1220,28,230,2,1,1,9,8,279,534,467,2,1,1,8,4,0,1017,591,502,2,2,1,10,9,0,1117,118,11,1,0,0,4,6,140,647,520,1,0,1,6,7,1182,492,438,1,0,0,6,4,941,503,448,1,0,0,6,4,962,611,188,0,1,0,1,1,102,802,577,472,0,1,1,6,1,1058,1513,3201,47,3,8,112,32,4916,573,1634,12,2,6,96,50,0,2373,491,818,12,1,18,53,28,7642,30612,293,24,92,1228,469,4066,44426,5754,5717,6112,6027,6125,5864,6206,6199,5966,5515,5290,5871,5464,5721,5326,5632,5607,5240
